year,month,temp,ward
2010,Jan,21.61084248,Mbarali
2010,Jan,19.06803908,Mbeya Rural
2010,Jan,20.36812911,Mbozi
2010,Jan,21.71821214,Momba
2010,Jan,21.20408796,Chunya
2010,Jan,19.91825753,Ileje
2010,Jan,23.38490703,Kyela
2010,Jan,18.2559011,Mbeya Urban
2010,Jan,20.28458136,Rungwe
2010,Jan,19.76702451,Tunduma
2010,Jan,24.50861957,Administrative unit not available
2010,Feb,22.12343765,Mbarali
2010,Feb,19.64986994,Mbeya Rural
2010,Feb,20.99848606,Mbozi
2010,Feb,22.18310897,Momba
2010,Feb,21.74431833,Chunya
2010,Feb,20.37963401,Ileje
2010,Feb,23.49916121,Kyela
2010,Feb,18.7570134,Mbeya Urban
2010,Feb,20.56710079,Rungwe
2010,Feb,20.38594409,Tunduma
2010,Feb,25.05050472,Administrative unit not available
2010,Mar,22.19010666,Mbarali
2010,Mar,19.19602299,Mbeya Rural
2010,Mar,20.48382094,Mbozi
2010,Mar,21.78888314,Momba
2010,Mar,21.52897144,Chunya
2010,Mar,19.50619612,Ileje
2010,Mar,22.45839685,Kyela
2010,Mar,18.38792683,Mbeya Urban
2010,Mar,19.66695678,Rungwe
2010,Mar,19.77860077,Tunduma
2010,Mar,24.76768843,Administrative unit not available
2010,Apr,22.49035644,Mbarali
2010,Apr,19.42016647,Mbeya Rural
2010,Apr,20.80261931,Mbozi
2010,Apr,22.42793361,Momba
2010,Apr,22.28485314,Chunya
2010,Apr,19.14241413,Ileje
2010,Apr,22.15019694,Kyela
2010,Apr,18.56219315,Mbeya Urban
2010,Apr,19.1272832,Rungwe
2010,Apr,19.81961865,Tunduma
2010,Apr,25.88462376,Administrative unit not available
2010,May,22.62473438,Mbarali
2010,May,18.68548482,Mbeya Rural
2010,May,20.25646964,Mbozi
2010,May,22.16450277,Momba
2010,May,22.64032384,Chunya
2010,May,17.91888671,Ileje
2010,May,20.92580252,Kyela
2010,May,17.81317305,Mbeya Urban
2010,May,17.80455385,Rungwe
2010,May,19.15166191,Tunduma
2010,May,25.57500382,Administrative unit not available
2010,Jun,20.50003645,Mbarali
2010,Jun,16.80809016,Mbeya Rural
2010,Jun,18.44240836,Mbozi
2010,Jun,20.28932723,Momba
2010,Jun,21.0023805,Chunya
2010,Jun,15.33799197,Ileje
2010,Jun,18.29693432,Kyela
2010,Jun,16.11879529,Mbeya Urban
2010,Jun,15.24478111,Rungwe
2010,Jun,17.01090827,Tunduma
2010,Jun,23.51859434,Administrative unit not available
2010,Jul,19.68215712,Mbarali
2010,Jul,16.12310328,Mbeya Rural
2010,Jul,17.8416963,Mbozi
2010,Jul,19.71419146,Momba
2010,Jul,20.34741747,Chunya
2010,Jul,14.62293786,Ileje
2010,Jul,17.56371485,Kyela
2010,Jul,15.50651601,Mbeya Urban
2010,Jul,14.53200359,Rungwe
2010,Jul,16.45209541,Tunduma
2010,Jul,22.65801346,Administrative unit not available
2010,Aug,20.63522619,Mbarali
2010,Aug,16.99133098,Mbeya Rural
2010,Aug,18.792262,Mbozi
2010,Aug,20.67590682,Momba
2010,Aug,21.38078809,Chunya
2010,Aug,15.20682146,Ileje
2010,Aug,17.9593695,Kyela
2010,Aug,16.40792049,Mbeya Urban
2010,Aug,15.06217473,Rungwe
2010,Aug,17.26463659,Tunduma
2010,Aug,23.29183799,Administrative unit not available
2010,Sep,22.46997249,Mbarali
2010,Sep,19.5220388,Mbeya Rural
2010,Sep,21.58050117,Mbozi
2010,Sep,23.48319945,Momba
2010,Sep,23.45850352,Chunya
2010,Sep,18.22540282,Ileje
2010,Sep,20.95146987,Kyela
2010,Sep,18.87478999,Mbeya Urban
2010,Sep,17.99277758,Rungwe
2010,Sep,20.24053124,Tunduma
2010,Sep,25.58741748,Administrative unit not available
2010,Oct,24.72496196,Mbarali
2010,Oct,22.05476597,Mbeya Rural
2010,Oct,24.12716352,Mbozi
2010,Oct,25.91888187,Momba
2010,Oct,25.49314737,Chunya
2010,Oct,21.31898774,Ileje
2010,Oct,24.1904204,Kyela
2010,Oct,21.30628094,Mbeya Urban
2010,Oct,21.26199948,Rungwe
2010,Oct,22.97386971,Tunduma
2010,Oct,27.64856476,Administrative unit not available
2010,Nov,25.07741189,Mbarali
2010,Nov,21.82023118,Mbeya Rural
2010,Nov,23.83656219,Mbozi
2010,Nov,25.50784107,Momba
2010,Nov,25.20589704,Chunya
2010,Nov,21.81834601,Ileje
2010,Nov,25.02732154,Kyela
2010,Nov,20.90768292,Mbeya Urban
2010,Nov,21.60084186,Rungwe
2010,Nov,22.83022557,Tunduma
2010,Nov,27.53362161,Administrative unit not available
2010,Dec,23.13721085,Mbarali
2010,Dec,19.65081337,Mbeya Rural
2010,Dec,20.87061726,Mbozi
2010,Dec,22.31805712,Momba
2010,Dec,21.9040814,Chunya
2010,Dec,19.83306971,Ileje
2010,Dec,23.09593215,Kyela
2010,Dec,18.8416221,Mbeya Urban
2010,Dec,20.06606124,Rungwe
2010,Dec,20.09623197,Tunduma
2010,Dec,24.78463206,Administrative unit not available
2011,Jan,22.03564892,Mbarali
2011,Jan,18.88292823,Mbeya Rural
2011,Jan,20.22062071,Mbozi
2011,Jan,21.66965184,Momba
2011,Jan,21.28190457,Chunya
2011,Jan,19.59611056,Ileje
2011,Jan,23.09676819,Kyela
2011,Jan,18.01378699,Mbeya Urban
2011,Jan,19.88198173,Rungwe
2011,Jan,19.4980142,Tunduma
2011,Jan,24.39690306,Administrative unit not available
2011,Feb,21.92308503,Mbarali
2011,Feb,18.51354882,Mbeya Rural
2011,Feb,19.91230877,Mbozi
2011,Feb,21.36834599,Momba
2011,Feb,21.35521306,Chunya
2011,Feb,18.91514085,Ileje
2011,Feb,22.0920021,Kyela
2011,Feb,17.61481555,Mbeya Urban
2011,Feb,19.11851532,Rungwe
2011,Feb,18.99758834,Tunduma
2011,Feb,24.70954874,Administrative unit not available
2011,Mar,21.78906969,Mbarali
2011,Mar,18.67423945,Mbeya Rural
2011,Mar,20.0095032,Mbozi
2011,Mar,21.46096156,Momba
2011,Mar,21.18010172,Chunya
2011,Mar,19.00861692,Ileje
2011,Mar,21.97710754,Kyela
2011,Mar,17.76468254,Mbeya Urban
2011,Mar,19.15205115,Rungwe
2011,Mar,19.1798174,Tunduma
2011,Mar,24.54797811,Administrative unit not available
2011,Apr,21.16381389,Mbarali
2011,Apr,18.37309264,Mbeya Rural
2011,Apr,19.79209225,Mbozi
2011,Apr,21.16792403,Momba
2011,Apr,20.86787309,Chunya
2011,Apr,18.45221249,Ileje
2011,Apr,21.4147965,Kyela
2011,Apr,17.55320634,Mbeya Urban
2011,Apr,18.39331786,Rungwe
2011,Apr,19.06693487,Tunduma
2011,Apr,24.41250478,Administrative unit not available
2011,May,21.54778621,Mbarali
2011,May,18.31807425,Mbeya Rural
2011,May,19.84703838,Mbozi
2011,May,21.60608646,Momba
2011,May,21.76992252,Chunya
2011,May,17.66145238,Ileje
2011,May,20.5945251,Kyela
2011,May,17.48037432,Mbeya Urban
2011,May,17.62538953,Rungwe
2011,May,18.77563908,Tunduma
2011,May,25.25281091,Administrative unit not available
2011,Jun,20.75445218,Mbarali
2011,Jun,17.4035491,Mbeya Rural
2011,Jun,19.1773057,Mbozi
2011,Jun,20.78729221,Momba
2011,Jun,21.20910677,Chunya
2011,Jun,16.38148351,Ileje
2011,Jun,19.37839266,Kyela
2011,Jun,16.64844918,Mbeya Urban
2011,Jun,16.42483601,Rungwe
2011,Jun,17.87067969,Tunduma
2011,Jun,24.05762239,Administrative unit not available
2011,Jul,19.67081241,Mbarali
2011,Jul,16.42226906,Mbeya Rural
2011,Jul,18.0982847,Mbozi
2011,Jul,19.82671193,Momba
2011,Jul,20.30352602,Chunya
2011,Jul,15.06314695,Ileje
2011,Jul,17.99736883,Kyela
2011,Jul,15.84679114,Mbeya Urban
2011,Jul,15.10637908,Rungwe
2011,Jul,16.70592124,Tunduma
2011,Jul,22.7296506,Administrative unit not available
2011,Aug,21.01043056,Mbarali
2011,Aug,17.61026953,Mbeya Rural
2011,Aug,19.43415286,Mbozi
2011,Aug,21.27381014,Momba
2011,Aug,21.74954113,Chunya
2011,Aug,16.14297181,Ileje
2011,Aug,18.9327712,Kyela
2011,Aug,17.03407313,Mbeya Urban
2011,Aug,16.10524352,Rungwe
2011,Aug,18.03924444,Tunduma
2011,Aug,23.7959013,Administrative unit not available
2011,Sep,22.47781324,Mbarali
2011,Sep,19.4243881,Mbeya Rural
2011,Sep,21.46053665,Mbozi
2011,Sep,23.36341317,Momba
2011,Sep,23.38442801,Chunya
2011,Sep,18.67084294,Ileje
2011,Sep,21.73628997,Kyela
2011,Sep,18.7030703,Mbeya Urban
2011,Sep,18.48796194,Rungwe
2011,Sep,20.33153657,Tunduma
2011,Sep,25.646255,Administrative unit not available
2011,Oct,24.46438754,Mbarali
2011,Oct,20.781893,Mbeya Rural
2011,Oct,22.90915738,Mbozi
2011,Oct,24.75641257,Momba
2011,Oct,24.94083946,Chunya
2011,Oct,20.41139505,Ileje
2011,Oct,23.27065425,Kyela
2011,Oct,19.88262099,Mbeya Urban
2011,Oct,19.82699774,Rungwe
2011,Oct,22.0072377,Tunduma
2011,Oct,27.09937435,Administrative unit not available
2011,Nov,23.92986461,Mbarali
2011,Nov,20.02092074,Mbeya Rural
2011,Nov,21.7141063,Mbozi
2011,Nov,23.47018036,Momba
2011,Nov,23.05231152,Chunya
2011,Nov,20.46516752,Ileje
2011,Nov,23.57999043,Kyela
2011,Nov,19.22190893,Mbeya Urban
2011,Nov,20.07644664,Rungwe
2011,Nov,21.33832245,Tunduma
2011,Nov,25.54889376,Administrative unit not available
2011,Dec,21.64432033,Mbarali
2011,Dec,18.80825736,Mbeya Rural
2011,Dec,20.13628675,Mbozi
2011,Dec,21.62288397,Momba
2011,Dec,21.01438747,Chunya
2011,Dec,19.72111944,Ileje
2011,Dec,23.1244647,Kyela
2011,Dec,17.96458832,Mbeya Urban
2011,Dec,19.85223271,Rungwe
2011,Dec,19.63004167,Tunduma
2011,Dec,24.22123359,Administrative unit not available
2012,Jan,21.58418127,Mbarali
2012,Jan,19.16873971,Mbeya Rural
2012,Jan,20.23197373,Mbozi
2012,Jan,21.48037031,Momba
2012,Jan,21.2738229,Chunya
2012,Jan,20.0274108,Ileje
2012,Jan,23.73675488,Kyela
2012,Jan,18.36516398,Mbeya Urban
2012,Jan,20.5052416,Rungwe
2012,Jan,19.53760661,Tunduma
2012,Jan,24.62050847,Administrative unit not available
2012,Feb,22.49350937,Mbarali
2012,Feb,19.02516763,Mbeya Rural
2012,Feb,20.27182038,Mbozi
2012,Feb,21.70134682,Momba
2012,Feb,21.59786778,Chunya
2012,Feb,19.52571815,Ileje
2012,Feb,22.84756244,Kyela
2012,Feb,18.06276333,Mbeya Urban
2012,Feb,19.78002336,Rungwe
2012,Feb,19.39243989,Tunduma
2012,Feb,24.87358495,Administrative unit not available
2012,Mar,21.82381333,Mbarali
2012,Mar,19.01119803,Mbeya Rural
2012,Mar,20.29595635,Mbozi
2012,Mar,21.69995756,Momba
2012,Mar,21.53680561,Chunya
2012,Mar,19.39634486,Ileje
2012,Mar,22.75579656,Kyela
2012,Mar,18.09700295,Mbeya Urban
2012,Mar,19.69916417,Rungwe
2012,Mar,19.42435148,Tunduma
2012,Mar,25.22928842,Administrative unit not available
2012,Apr,21.56768873,Mbarali
2012,Apr,17.91778131,Mbeya Rural
2012,Apr,19.30419353,Mbozi
2012,Apr,21.01797032,Momba
2012,Apr,21.02633704,Chunya
2012,Apr,17.51916465,Ileje
2012,Apr,20.67710244,Kyela
2012,Apr,17.02207654,Mbeya Urban
2012,Apr,17.55216483,Rungwe
2012,Apr,18.05237863,Tunduma
2012,Apr,24.51171701,Administrative unit not available
2012,May,21.66672071,Mbarali
2012,May,17.62692857,Mbeya Rural
2012,May,19.19912129,Mbozi
2012,May,21.24786083,Momba
2012,May,21.70435943,Chunya
2012,May,16.84450971,Ileje
2012,May,19.85140606,Kyela
2012,May,16.7163178,Mbeya Urban
2012,May,16.71706183,Rungwe
2012,May,18.0650655,Tunduma
2012,May,24.62081197,Administrative unit not available
2012,Jun,20.5158909,Mbarali
2012,Jun,16.52281967,Mbeya Rural
2012,Jun,18.26364757,Mbozi
2012,Jun,20.07087449,Momba
2012,Jun,20.80363249,Chunya
2012,Jun,15.31744107,Ileje
2012,Jun,18.29164414,Kyela
2012,Jun,15.72169317,Mbeya Urban
2012,Jun,15.21658856,Rungwe
2012,Jun,16.84221248,Tunduma
2012,Jun,23.29903116,Administrative unit not available
2012,Jul,19.91858703,Mbarali
2012,Jul,16.304687,Mbeya Rural
2012,Jul,18.20981975,Mbozi
2012,Jul,19.94054571,Momba
2012,Jul,20.39517228,Chunya
2012,Jul,14.86122553,Ileje
2012,Jul,17.7280685,Kyela
2012,Jul,15.58303814,Mbeya Urban
2012,Jul,14.80831959,Rungwe
2012,Jul,16.72954924,Tunduma
2012,Jul,22.80580106,Administrative unit not available
2012,Aug,21.43334465,Mbarali
2012,Aug,18.31471867,Mbeya Rural
2012,Aug,20.23153255,Mbozi
2012,Aug,21.95775723,Momba
2012,Aug,22.12625407,Chunya
2012,Aug,17.21487697,Ileje
2012,Aug,19.95494272,Kyela
2012,Aug,17.61964599,Mbeya Urban
2012,Aug,17.06961612,Rungwe
2012,Aug,18.97181714,Tunduma
2012,Aug,24.32514295,Administrative unit not available
2012,Sep,22.9382207,Mbarali
2012,Sep,20.33533987,Mbeya Rural
2012,Sep,22.42916017,Mbozi
2012,Sep,24.20039898,Momba
2012,Sep,23.94190538,Chunya
2012,Sep,19.63235379,Ileje
2012,Sep,22.62145472,Kyela
2012,Sep,19.56646392,Mbeya Urban
2012,Sep,19.58772596,Rungwe
2012,Sep,21.28007423,Tunduma
2012,Sep,26.14205079,Administrative unit not available
2012,Oct,24.55614136,Mbarali
2012,Oct,21.52648746,Mbeya Rural
2012,Oct,23.91513175,Mbozi
2012,Oct,25.83515583,Momba
2012,Oct,25.3259638,Chunya
2012,Oct,21.36568267,Ileje
2012,Oct,24.25303054,Kyela
2012,Oct,20.55405051,Mbeya Urban
2012,Oct,20.89693438,Rungwe
2012,Oct,22.9439723,Tunduma
2012,Oct,27.7123769,Administrative unit not available
2012,Nov,23.92865395,Mbarali
2012,Nov,20.25663772,Mbeya Rural
2012,Nov,21.91057576,Mbozi
2012,Nov,23.53197465,Momba
2012,Nov,23.58188382,Chunya
2012,Nov,20.20987901,Ileje
2012,Nov,23.31288235,Kyela
2012,Nov,19.33830522,Mbeya Urban
2012,Nov,19.93754321,Rungwe
2012,Nov,21.07836251,Tunduma
2012,Nov,26.12692387,Administrative unit not available
2012,Dec,23.21586528,Mbarali
2012,Dec,19.59995478,Mbeya Rural
2012,Dec,20.97250129,Mbozi
2012,Dec,22.5105625,Momba
2012,Dec,22.21532208,Chunya
2012,Dec,19.89673992,Ileje
2012,Dec,23.00384265,Kyela
2012,Dec,18.83047374,Mbeya Urban
2012,Dec,19.95708528,Rungwe
2012,Dec,20.2768252,Tunduma
2012,Dec,24.66129766,Administrative unit not available
2013,Jan,22.26311863,Mbarali
2013,Jan,19.23803295,Mbeya Rural
2013,Jan,20.40947711,Mbozi
2013,Jan,21.73958326,Momba
2013,Jan,21.50979884,Chunya
2013,Jan,20.12400389,Ileje
2013,Jan,23.73919879,Kyela
2013,Jan,18.41863427,Mbeya Urban
2013,Jan,20.47112315,Rungwe
2013,Jan,19.88195043,Tunduma
2013,Jan,24.521342,Administrative unit not available
2013,Feb,22.89961338,Mbarali
2013,Feb,19.41058584,Mbeya Rural
2013,Feb,20.54175474,Mbozi
2013,Feb,21.81470358,Momba
2013,Feb,22.03804813,Chunya
2013,Feb,19.83048351,Ileje
2013,Feb,23.32766348,Kyela
2013,Feb,18.59649213,Mbeya Urban
2013,Feb,20.27533279,Rungwe
2013,Feb,19.67969905,Tunduma
2013,Feb,25.05960695,Administrative unit not available
2013,Mar,22.07962025,Mbarali
2013,Mar,18.98751157,Mbeya Rural
2013,Mar,20.38453833,Mbozi
2013,Mar,21.71481723,Momba
2013,Mar,21.56218787,Chunya
2013,Mar,19.14748725,Ileje
2013,Mar,21.98497651,Kyela
2013,Mar,18.08764161,Mbeya Urban
2013,Mar,19.09296404,Rungwe
2013,Mar,19.66336782,Tunduma
2013,Mar,24.74910755,Administrative unit not available
2013,Apr,21.83681789,Mbarali
2013,Apr,18.35388782,Mbeya Rural
2013,Apr,19.71164135,Mbozi
2013,Apr,21.06111765,Momba
2013,Apr,20.95939233,Chunya
2013,Apr,18.20655442,Ileje
2013,Apr,21.23839377,Kyela
2013,Apr,17.54238124,Mbeya Urban
2013,Apr,18.24336537,Rungwe
2013,Apr,18.7530465,Tunduma
2013,Apr,24.35051117,Administrative unit not available
2013,May,21.77587074,Mbarali
2013,May,17.84892884,Mbeya Rural
2013,May,19.50503566,Mbozi
2013,May,21.33978748,Momba
2013,May,21.81542931,Chunya
2013,May,17.05680881,Ileje
2013,May,20.06042777,Kyela
2013,May,16.9652906,Mbeya Urban
2013,May,16.94792767,Rungwe
2013,May,18.32743225,Tunduma
2013,May,24.79060067,Administrative unit not available
2013,Jun,20.01354071,Mbarali
2013,Jun,16.37118228,Mbeya Rural
2013,Jun,18.13875959,Mbozi
2013,Jun,19.79093206,Momba
2013,Jun,20.3691847,Chunya
2013,Jun,14.95510586,Ileje
2013,Jun,17.99201906,Kyela
2013,Jun,15.67302786,Mbeya Urban
2013,Jun,14.95331105,Rungwe
2013,Jun,16.71638703,Tunduma
2013,Jun,22.95742518,Administrative unit not available
2013,Jul,20.0499787,Mbarali
2013,Jul,16.37357815,Mbeya Rural
2013,Jul,18.1766378,Mbozi
2013,Jul,19.91695764,Momba
2013,Jul,20.39740493,Chunya
2013,Jul,14.65273974,Ileje
2013,Jul,17.4213544,Kyela
2013,Jul,15.75144875,Mbeya Urban
2013,Jul,14.62432673,Rungwe
2013,Jul,16.66701051,Tunduma
2013,Jul,22.66655282,Administrative unit not available
2013,Aug,21.07551633,Mbarali
2013,Aug,17.81886825,Mbeya Rural
2013,Aug,19.75178852,Mbozi
2013,Aug,21.51050526,Momba
2013,Aug,21.88769357,Chunya
2013,Aug,16.51341478,Ileje
2013,Aug,19.28204092,Kyela
2013,Aug,17.17208717,Mbeya Urban
2013,Aug,16.33040234,Rungwe
2013,Aug,18.4994318,Tunduma
2013,Aug,23.94108616,Administrative unit not available
2013,Sep,23.4704298,Mbarali
2013,Sep,20.63841458,Mbeya Rural
2013,Sep,22.64670327,Mbozi
2013,Sep,24.33232843,Momba
2013,Sep,24.25456992,Chunya
2013,Sep,19.77379413,Ileje
2013,Sep,22.56199631,Kyela
2013,Sep,19.93841946,Mbeya Urban
2013,Sep,19.66794065,Rungwe
2013,Sep,21.53929724,Tunduma
2013,Sep,26.10101951,Administrative unit not available
2013,Oct,24.34623587,Mbarali
2013,Oct,21.16593614,Mbeya Rural
2013,Oct,23.24786129,Mbozi
2013,Oct,25.22108475,Momba
2013,Oct,25.20665605,Chunya
2013,Oct,20.3976939,Ileje
2013,Oct,23.22666424,Kyela
2013,Oct,20.31817043,Mbeya Urban
2013,Oct,19.91979818,Rungwe
2013,Oct,22.00603528,Tunduma
2013,Oct,27.37373556,Administrative unit not available
2013,Nov,24.91612742,Mbarali
2013,Nov,21.39641966,Mbeya Rural
2013,Nov,23.36479573,Mbozi
2013,Nov,25.1366329,Momba
2013,Nov,24.98092851,Chunya
2013,Nov,21.51829352,Ileje
2013,Nov,24.31792202,Kyela
2013,Nov,20.52610331,Mbeya Urban
2013,Nov,20.84922391,Rungwe
2013,Nov,22.80394445,Tunduma
2013,Nov,27.1321534,Administrative unit not available
2013,Dec,22.32694338,Mbarali
2013,Dec,19.18189846,Mbeya Rural
2013,Dec,20.51509476,Mbozi
2013,Dec,21.96909785,Momba
2013,Dec,21.28243067,Chunya
2013,Dec,19.7311634,Ileje
2013,Dec,22.99979786,Kyela
2013,Dec,18.42509312,Mbeya Urban
2013,Dec,19.87596701,Rungwe
2013,Dec,20.01626182,Tunduma
2013,Dec,24.17426623,Administrative unit not available
2014,Jan,21.51589531,Mbarali
2014,Jan,18.94143464,Mbeya Rural
2014,Jan,20.20092925,Mbozi
2014,Jan,21.4466619,Momba
2014,Jan,21.04601548,Chunya
2014,Jan,19.84950534,Ileje
2014,Jan,23.4131858,Kyela
2014,Jan,18.1280739,Mbeya Urban
2014,Jan,20.14540408,Rungwe
2014,Jan,19.5763206,Tunduma
2014,Jan,24.36117915,Administrative unit not available
2014,Feb,21.97769685,Mbarali
2014,Feb,18.87136765,Mbeya Rural
2014,Feb,20.04049653,Mbozi
2014,Feb,21.37594342,Momba
2014,Feb,21.20082369,Chunya
2014,Feb,19.73194195,Ileje
2014,Feb,23.54012299,Kyela
2014,Feb,18.05050342,Mbeya Urban
2014,Feb,20.19187507,Rungwe
2014,Feb,19.37381832,Tunduma
2014,Feb,24.4686538,Administrative unit not available
2014,Mar,21.99733255,Mbarali
2014,Mar,18.91276522,Mbeya Rural
2014,Mar,20.20507632,Mbozi
2014,Mar,21.53087082,Momba
2014,Mar,21.38664623,Chunya
2014,Mar,19.076175,Ileje
2014,Mar,22.05737004,Kyela
2014,Mar,18.06631862,Mbeya Urban
2014,Mar,19.18112767,Rungwe
2014,Mar,19.36111403,Tunduma
2014,Mar,24.66421702,Administrative unit not available
2014,Apr,21.01341047,Mbarali
2014,Apr,18.19152417,Mbeya Rural
2014,Apr,19.62482401,Mbozi
2014,Apr,20.95672124,Momba
2014,Apr,20.74355662,Chunya
2014,Apr,18.2241011,Ileje
2014,Apr,21.17089295,Kyela
2014,Apr,17.34878067,Mbeya Urban
2014,Apr,18.21382107,Rungwe
2014,Apr,18.83121473,Tunduma
2014,Apr,24.32125689,Administrative unit not available
2014,May,21.43893974,Mbarali
2014,May,18.05912254,Mbeya Rural
2014,May,19.5688449,Mbozi
2014,May,21.35487573,Momba
2014,May,21.7863546,Chunya
2014,May,17.15497872,Ileje
2014,May,20.16586684,Kyela
2014,May,17.30345525,Mbeya Urban
2014,May,17.07799529,Rungwe
2014,May,18.36156959,Tunduma
2014,May,24.90734338,Administrative unit not available
2014,Jun,20.38033978,Mbarali
2014,Jun,16.8981407,Mbeya Rural
2014,Jun,18.67260372,Mbozi
2014,Jun,20.31260179,Momba
2014,Jun,20.95954908,Chunya
2014,Jun,15.66427993,Ileje
2014,Jun,18.60687205,Kyela
2014,Jun,16.17577434,Mbeya Urban
2014,Jun,15.61307732,Rungwe
2014,Jun,17.29600403,Tunduma
2014,Jun,23.57650175,Administrative unit not available
2014,Jul,19.89394402,Mbarali
2014,Jul,16.56078339,Mbeya Rural
2014,Jul,18.30738022,Mbozi
2014,Jul,20.00759532,Momba
2014,Jul,20.61146192,Chunya
2014,Jul,14.99956565,Ileje
2014,Jul,17.82322154,Kyela
2014,Jul,15.98677129,Mbeya Urban
2014,Jul,14.96429425,Rungwe
2014,Jul,16.85580239,Tunduma
2014,Jul,22.90168259,Administrative unit not available
2014,Aug,21.56018473,Mbarali
2014,Aug,18.39465863,Mbeya Rural
2014,Aug,20.37599472,Mbozi
2014,Aug,22.18425066,Momba
2014,Aug,22.36473304,Chunya
2014,Aug,17.25557768,Ileje
2014,Aug,19.94153433,Kyela
2014,Aug,17.71540296,Mbeya Urban
2014,Aug,16.93115196,Rungwe
2014,Aug,19.08342407,Tunduma
2014,Aug,24.58226995,Administrative unit not available
2014,Sep,22.43002602,Mbarali
2014,Sep,19.35886708,Mbeya Rural
2014,Sep,21.4485859,Mbozi
2014,Sep,23.44085378,Momba
2014,Sep,23.48840052,Chunya
2014,Sep,18.08965214,Ileje
2014,Sep,20.76365678,Kyela
2014,Sep,18.67005746,Mbeya Urban
2014,Sep,17.67765806,Rungwe
2014,Sep,20.08775375,Tunduma
2014,Sep,25.80475484,Administrative unit not available
2014,Oct,23.7454772,Mbarali
2014,Oct,20.72197069,Mbeya Rural
2014,Oct,22.78802181,Mbozi
2014,Oct,24.58984781,Momba
2014,Oct,24.22016573,Chunya
2014,Oct,20.4292489,Ileje
2014,Oct,23.07640956,Kyela
2014,Oct,19.84842424,Mbeya Urban
2014,Oct,20.05042742,Rungwe
2014,Oct,22.13837494,Tunduma
2014,Oct,26.86065179,Administrative unit not available
2014,Nov,24.51252144,Mbarali
2014,Nov,20.69394807,Mbeya Rural
2014,Nov,22.96526228,Mbozi
2014,Nov,24.88165953,Momba
2014,Nov,24.63429238,Chunya
2014,Nov,20.88678347,Ileje
2014,Nov,23.89195146,Kyela
2014,Nov,19.63833354,Mbeya Urban
2014,Nov,20.31682458,Rungwe
2014,Nov,22.20511055,Tunduma
2014,Nov,27.24601472,Administrative unit not available
2014,Dec,22.79428784,Mbarali
2014,Dec,19.58896999,Mbeya Rural
2014,Dec,21.15802109,Mbozi
2014,Dec,22.69447261,Momba
2014,Dec,22.0348616,Chunya
2014,Dec,20.30323613,Ileje
2014,Dec,23.82268636,Kyela
2014,Dec,18.63921082,Mbeya Urban
2014,Dec,20.45764861,Rungwe
2014,Dec,20.50027693,Tunduma
2014,Dec,25.1534165,Administrative unit not available
2015,Jan,21.59150108,Mbarali
2015,Jan,18.89302821,Mbeya Rural
2015,Jan,20.01230171,Mbozi
2015,Jan,21.35381821,Momba
2015,Jan,21.20179364,Chunya
2015,Jan,19.85260507,Ileje
2015,Jan,23.79186657,Kyela
2015,Jan,18.05335922,Mbeya Urban
2015,Jan,20.30182882,Rungwe
2015,Jan,19.38988551,Tunduma
2015,Jan,24.43046767,Administrative unit not available
2015,Feb,22.33947927,Mbarali
2015,Feb,19.63513646,Mbeya Rural
2015,Feb,20.83996759,Mbozi
2015,Feb,22.06469465,Momba
2015,Feb,21.90863781,Chunya
2015,Feb,20.27692427,Ileje
2015,Feb,23.70002749,Kyela
2015,Feb,18.75206482,Mbeya Urban
2015,Feb,20.52718373,Rungwe
2015,Feb,20.0455758,Tunduma
2015,Feb,25.22331092,Administrative unit not available
2015,Mar,22.00504105,Mbarali
2015,Mar,19.10571819,Mbeya Rural
2015,Mar,20.4532072,Mbozi
2015,Mar,21.7730457,Momba
2015,Mar,21.89830692,Chunya
2015,Mar,19.07018081,Ileje
2015,Mar,22.10029453,Kyela
2015,Mar,18.18869744,Mbeya Urban
2015,Mar,19.12543285,Rungwe
2015,Mar,19.50259913,Tunduma
2015,Mar,25.37156274,Administrative unit not available
2015,Apr,21.78715218,Mbarali
2015,Apr,18.43480885,Mbeya Rural
2015,Apr,19.77931733,Mbozi
2015,Apr,21.18766845,Momba
2015,Apr,20.94528687,Chunya
2015,Apr,18.38803239,Ileje
2015,Apr,21.39467417,Kyela
2015,Apr,17.59395417,Mbeya Urban
2015,Apr,18.42897433,Rungwe
2015,Apr,18.8992314,Tunduma
2015,Apr,24.34589213,Administrative unit not available
2015,May,21.82429594,Mbarali
2015,May,18.06481022,Mbeya Rural
2015,May,19.68727987,Mbozi
2015,May,21.6227464,Momba
2015,May,21.43560384,Chunya
2015,May,17.37459861,Ileje
2015,May,20.40255169,Kyela
2015,May,17.19563836,Mbeya Urban
2015,May,17.28631999,Rungwe
2015,May,18.68410351,Tunduma
2015,May,25.01295689,Administrative unit not available
2015,Jun,21.19774107,Mbarali
2015,Jun,17.13298646,Mbeya Rural
2015,Jun,18.93548671,Mbozi
2015,Jun,20.77285564,Momba
2015,Jun,21.37974172,Chunya
2015,Jun,15.87405829,Ileje
2015,Jun,18.87424445,Kyela
2015,Jun,16.30115607,Mbeya Urban
2015,Jun,15.80517723,Rungwe
2015,Jun,17.5594914,Tunduma
2015,Jun,23.99649139,Administrative unit not available
2015,Jul,20.60001354,Mbarali
2015,Jul,17.34217731,Mbeya Rural
2015,Jul,19.14418361,Mbozi
2015,Jul,20.78470421,Momba
2015,Jul,21.24376296,Chunya
2015,Jul,15.84854269,Ileje
2015,Jul,18.46057531,Kyela
2015,Jul,16.68540775,Mbeya Urban
2015,Jul,15.83096065,Rungwe
2015,Jul,17.80788724,Tunduma
2015,Jul,23.60817078,Administrative unit not available
2015,Aug,21.28797181,Mbarali
2015,Aug,18.28405946,Mbeya Rural
2015,Aug,20.17853334,Mbozi
2015,Aug,21.93666589,Momba
2015,Aug,22.23083035,Chunya
2015,Aug,16.82088088,Ileje
2015,Aug,19.54892134,Kyela
2015,Aug,17.65758821,Mbeya Urban
2015,Aug,16.79578833,Rungwe
2015,Aug,18.85238698,Tunduma
2015,Aug,24.39592478,Administrative unit not available
2015,Sep,23.43993032,Mbarali
2015,Sep,20.60949712,Mbeya Rural
2015,Sep,22.68912404,Mbozi
2015,Sep,24.56138225,Momba
2015,Sep,24.42513737,Chunya
2015,Sep,19.66461406,Ileje
2015,Sep,22.55829783,Kyela
2015,Sep,19.85511053,Mbeya Urban
2015,Sep,19.48932306,Rungwe
2015,Sep,21.46150709,Tunduma
2015,Sep,26.54521346,Administrative unit not available
2015,Oct,24.72852731,Mbarali
2015,Oct,21.42397242,Mbeya Rural
2015,Oct,23.92436883,Mbozi
2015,Oct,25.90722889,Momba
2015,Oct,25.34005305,Chunya
2015,Oct,21.29895517,Ileje
2015,Oct,24.16312896,Kyela
2015,Oct,20.33624512,Mbeya Urban
2015,Oct,20.74268028,Rungwe
2015,Oct,23.02537966,Tunduma
2015,Oct,27.86937926,Administrative unit not available
2015,Nov,23.80154663,Mbarali
2015,Nov,20.28268649,Mbeya Rural
2015,Nov,21.77940183,Mbozi
2015,Nov,23.15792176,Momba
2015,Nov,22.55170773,Chunya
2015,Nov,20.69098412,Ileje
2015,Nov,23.83688574,Kyela
2015,Nov,19.37385153,Mbeya Urban
2015,Nov,20.45452823,Rungwe
2015,Nov,21.39605895,Tunduma
2015,Nov,25.45683069,Administrative unit not available
2015,Dec,22.98739473,Mbarali
2015,Dec,19.75961938,Mbeya Rural
2015,Dec,20.86793938,Mbozi
2015,Dec,22.26911333,Momba
2015,Dec,21.74874302,Chunya
2015,Dec,20.40265747,Ileje
2015,Dec,23.86336392,Kyela
2015,Dec,18.99995337,Mbeya Urban
2015,Dec,20.62437868,Rungwe
2015,Dec,20.38450942,Tunduma
2015,Dec,24.79304694,Administrative unit not available
2016,Jan,21.63241145,Mbarali
2016,Jan,19.11838549,Mbeya Rural
2016,Jan,20.28844015,Mbozi
2016,Jan,21.54498595,Momba
2016,Jan,21.19775019,Chunya
2016,Jan,20.13738818,Ileje
2016,Jan,23.5987148,Kyela
2016,Jan,18.3317676,Mbeya Urban
2016,Jan,20.4183404,Rungwe
2016,Jan,19.77883808,Tunduma
2016,Jan,24.30419839,Administrative unit not available
2016,Feb,22.24590712,Mbarali
2016,Feb,19.77536439,Mbeya Rural
2016,Feb,20.95528084,Mbozi
2016,Feb,22.23092603,Momba
2016,Feb,21.94979053,Chunya
2016,Feb,20.46274996,Ileje
2016,Feb,23.9044142,Kyela
2016,Feb,18.94569698,Mbeya Urban
2016,Feb,20.82197198,Rungwe
2016,Feb,20.28339713,Tunduma
2016,Feb,25.25674683,Administrative unit not available
2016,Mar,23.68342133,Mbarali
2016,Mar,20.56782324,Mbeya Rural
2016,Mar,21.9195058,Mbozi
2016,Mar,23.38054868,Momba
2016,Mar,23.13850089,Chunya
2016,Mar,20.67207881,Ileje
2016,Mar,23.69307073,Kyela
2016,Mar,19.57846483,Mbeya Urban
2016,Mar,20.866142,Rungwe
2016,Mar,20.86821845,Tunduma
2016,Mar,26.56533949,Administrative unit not available
2016,Apr,21.88510164,Mbarali
2016,Apr,18.88184654,Mbeya Rural
2016,Apr,20.29026883,Mbozi
2016,Apr,21.80402646,Momba
2016,Apr,21.41116142,Chunya
2016,Apr,18.68830622,Ileje
2016,Apr,21.73283402,Kyela
2016,Apr,18.03903134,Mbeya Urban
2016,Apr,18.74585265,Rungwe
2016,Apr,19.33157293,Tunduma
2016,Apr,24.98270187,Administrative unit not available
2016,May,20.78634389,Mbarali
2016,May,17.05324115,Mbeya Rural
2016,May,18.65653583,Mbozi
2016,May,20.64870617,Momba
2016,May,20.80556236,Chunya
2016,May,16.08548417,Ileje
2016,May,19.21631917,Kyela
2016,May,16.21874003,Mbeya Urban
2016,May,16.0536747,Rungwe
2016,May,17.47750368,Tunduma
2016,May,24.06908315,Administrative unit not available
2016,Jun,19.93431117,Mbarali
2016,Jun,16.33302814,Mbeya Rural
2016,Jun,18.04839668,Mbozi
2016,Jun,19.86520993,Momba
2016,Jun,20.31538388,Chunya
2016,Jun,14.85174283,Ileje
2016,Jun,17.79544757,Kyela
2016,Jun,15.64254662,Mbeya Urban
2016,Jun,14.90551286,Rungwe
2016,Jun,16.56240408,Tunduma
2016,Jun,22.96535432,Administrative unit not available
2016,Jul,19.61480365,Mbarali
2016,Jul,16.18977313,Mbeya Rural
2016,Jul,17.89820629,Mbozi
2016,Jul,19.63436595,Momba
2016,Jul,20.10500903,Chunya
2016,Jul,14.68010802,Ileje
2016,Jul,17.60244603,Kyela
2016,Jul,15.58901745,Mbeya Urban
2016,Jul,14.71675012,Rungwe
2016,Jul,16.42527099,Tunduma
2016,Jul,22.39596903,Administrative unit not available
2016,Aug,20.87046406,Mbarali
2016,Aug,17.78075067,Mbeya Rural
2016,Aug,19.75136375,Mbozi
2016,Aug,21.61293286,Momba
2016,Aug,21.72700473,Chunya
2016,Aug,16.45357223,Ileje
2016,Aug,19.22469334,Kyela
2016,Aug,17.12957102,Mbeya Urban
2016,Aug,16.34162801,Rungwe
2016,Aug,18.36027204,Tunduma
2016,Aug,24.11591295,Administrative unit not available
2016,Sep,22.33283924,Mbarali
2016,Sep,19.9730153,Mbeya Rural
2016,Sep,22.00444365,Mbozi
2016,Sep,23.72199955,Momba
2016,Sep,23.40053938,Chunya
2016,Sep,18.94845027,Ileje
2016,Sep,21.77074918,Kyela
2016,Sep,19.32367081,Mbeya Urban
2016,Sep,18.9426182,Rungwe
2016,Sep,20.74159124,Tunduma
2016,Sep,25.53366042,Administrative unit not available
2016,Oct,24.40580759,Mbarali
2016,Oct,21.87044382,Mbeya Rural
2016,Oct,24.0760763,Mbozi
2016,Oct,25.90774422,Momba
2016,Oct,25.29451122,Chunya
2016,Oct,21.27727946,Ileje
2016,Oct,24.23336894,Kyela
2016,Oct,21.05203978,Mbeya Urban
2016,Oct,21.18495873,Rungwe
2016,Oct,22.88687413,Tunduma
2016,Oct,27.50228664,Administrative unit not available
2016,Nov,25.28737304,Mbarali
2016,Nov,21.68402639,Mbeya Rural
2016,Nov,23.75849123,Mbozi
2016,Nov,25.5431822,Momba
2016,Nov,25.55113963,Chunya
2016,Nov,21.73437447,Ileje
2016,Nov,24.75614705,Kyela
2016,Nov,20.71976209,Mbeya Urban
2016,Nov,20.97830642,Rungwe
2016,Nov,22.84804222,Tunduma
2016,Nov,27.76305121,Administrative unit not available
2016,Dec,24.15126378,Mbarali
2016,Dec,20.10826769,Mbeya Rural
2016,Dec,21.32420783,Mbozi
2016,Dec,22.92666522,Momba
2016,Dec,22.92275291,Chunya
2016,Dec,20.22051114,Ileje
2016,Dec,23.60389734,Kyela
2016,Dec,19.39716157,Mbeya Urban
2016,Dec,20.34318737,Rungwe
2016,Dec,20.41757126,Tunduma
2016,Dec,25.3303653,Administrative unit not available
2017,Jan,23.32081658,Mbarali
2017,Jan,19.61109914,Mbeya Rural
2017,Jan,20.81439656,Mbozi
2017,Jan,22.3078705,Momba
2017,Jan,22.24727253,Chunya
2017,Jan,19.89558034,Ileje
2017,Jan,23.38293979,Kyela
2017,Jan,18.79964799,Mbeya Urban
2017,Jan,20.18864777,Rungwe
2017,Jan,19.92603242,Tunduma
2017,Jan,25.27700423,Administrative unit not available
2017,Feb,22.30474541,Mbarali
2017,Feb,19.19489227,Mbeya Rural
2017,Feb,20.47802391,Mbozi
2017,Feb,21.79228522,Momba
2017,Feb,21.72561461,Chunya
2017,Feb,19.77522795,Ileje
2017,Feb,23.08269782,Kyela
2017,Feb,18.32502885,Mbeya Urban
2017,Feb,20.01840103,Rungwe
2017,Feb,19.73802506,Tunduma
2017,Feb,24.86103524,Administrative unit not available
2017,Mar,21.92626418,Mbarali
2017,Mar,18.82597059,Mbeya Rural
2017,Mar,20.2036555,Mbozi
2017,Mar,21.60972032,Momba
2017,Mar,21.39225269,Chunya
2017,Mar,19.17005958,Ileje
2017,Mar,22.276326,Kyela
2017,Mar,17.92373762,Mbeya Urban
2017,Mar,19.2651153,Rungwe
2017,Mar,19.46569991,Tunduma
2017,Mar,24.76705914,Administrative unit not available
2017,Apr,21.70784987,Mbarali
2017,Apr,18.57628305,Mbeya Rural
2017,Apr,20.00326839,Mbozi
2017,Apr,21.59586774,Momba
2017,Apr,21.46302153,Chunya
2017,Apr,18.27146849,Ileje
2017,Apr,21.18432449,Kyela
2017,Apr,17.74950867,Mbeya Urban
2017,Apr,18.18208869,Rungwe
2017,Apr,19.14127458,Tunduma
2017,Apr,25.15969589,Administrative unit not available
2017,May,21.71293348,Mbarali
2017,May,18.14316203,Mbeya Rural
2017,May,19.62287815,Mbozi
2017,May,21.50587944,Momba
2017,May,21.89508849,Chunya
2017,May,17.37406585,Ileje
2017,May,20.39396129,Kyela
2017,May,17.36426746,Mbeya Urban
2017,May,17.29239493,Rungwe
2017,May,18.73376494,Tunduma
2017,May,25.2120962,Administrative unit not available
2017,Jun,20.93704064,Mbarali
2017,Jun,17.25642623,Mbeya Rural
2017,Jun,18.88021552,Mbozi
2017,Jun,20.81894235,Momba
2017,Jun,21.54484542,Chunya
2017,Jun,15.84127578,Ileje
2017,Jun,18.72116501,Kyela
2017,Jun,16.55688162,Mbeya Urban
2017,Jun,15.72342013,Rungwe
2017,Jun,17.68966707,Tunduma
2017,Jun,24.01876825,Administrative unit not available
2017,Jul,20.51093005,Mbarali
2017,Jul,16.86152438,Mbeya Rural
2017,Jul,18.61779712,Mbozi
2017,Jul,20.49153101,Momba
2017,Jul,21.16187383,Chunya
2017,Jul,15.25797588,Ileje
2017,Jul,18.12345269,Kyela
2017,Jul,16.24928294,Mbeya Urban
2017,Jul,15.18822057,Rungwe
2017,Jul,17.28551422,Tunduma
2017,Jul,23.29766807,Administrative unit not available
2017,Aug,21.67009057,Mbarali
2017,Aug,18.14164244,Mbeya Rural
2017,Aug,20.06623043,Mbozi
2017,Aug,22.07573211,Momba
2017,Aug,22.51023136,Chunya
2017,Aug,16.72400311,Ileje
2017,Aug,19.39168126,Kyela
2017,Aug,17.49002604,Mbeya Urban
2017,Aug,16.37538304,Rungwe
2017,Aug,18.85670801,Tunduma
2017,Aug,24.54826462,Administrative unit not available
2017,Sep,23.14008247,Mbarali
2017,Sep,20.15042124,Mbeya Rural
2017,Sep,22.06956196,Mbozi
2017,Sep,23.88363547,Momba
2017,Sep,23.97076455,Chunya
2017,Sep,18.98738813,Ileje
2017,Sep,21.82683924,Kyela
2017,Sep,19.5103658,Mbeya Urban
2017,Sep,18.8170998,Rungwe
2017,Sep,20.96020212,Tunduma
2017,Sep,26.0267558,Administrative unit not available
2017,Oct,25.16881658,Mbarali
2017,Oct,21.52620276,Mbeya Rural
2017,Oct,23.86619521,Mbozi
2017,Oct,25.62884166,Momba
2017,Oct,25.48723448,Chunya
2017,Oct,21.56539759,Ileje
2017,Oct,24.4058968,Kyela
2017,Oct,20.43681075,Mbeya Urban
2017,Oct,20.87525346,Rungwe
2017,Oct,23.17370176,Tunduma
2017,Oct,27.66863768,Administrative unit not available
2017,Nov,24.0474492,Mbarali
2017,Nov,20.02309307,Mbeya Rural
2017,Nov,21.63332867,Mbozi
2017,Nov,23.19566817,Momba
2017,Nov,23.03246471,Chunya
2017,Nov,20.11461087,Ileje
2017,Nov,23.12189307,Kyela
2017,Nov,19.14865799,Mbeya Urban
2017,Nov,19.94498086,Rungwe
2017,Nov,21.0085909,Tunduma
2017,Nov,25.40493747,Administrative unit not available
2017,Dec,22.81331283,Mbarali
2017,Dec,19.1877448,Mbeya Rural
2017,Dec,20.4976345,Mbozi
2017,Dec,21.97338075,Momba
2017,Dec,21.87830623,Chunya
2017,Dec,19.55844911,Ileje
2017,Dec,22.6718212,Kyela
2017,Dec,18.40348422,Mbeya Urban
2017,Dec,19.68088936,Rungwe
2017,Dec,19.8053343,Tunduma
2017,Dec,24.61024228,Administrative unit not available
2018,Jan,20.84305534,Mbarali
2018,Jan,18.01812132,Mbeya Rural
2018,Jan,19.16743562,Mbozi
2018,Jan,20.49162604,Momba
2018,Jan,20.27063674,Chunya
2018,Jan,18.90539856,Ileje
2018,Jan,22.55035005,Kyela
2018,Jan,17.2491726,Mbeya Urban
2018,Jan,19.27087238,Rungwe
2018,Jan,18.64897423,Tunduma
2018,Jan,23.5118122,Administrative unit not available
2018,Feb,22.74172389,Mbarali
2018,Feb,19.70113349,Mbeya Rural
2018,Feb,20.83759338,Mbozi
2018,Feb,22.09866979,Momba
2018,Feb,22.3249055,Chunya
2018,Feb,19.99549465,Ileje
2018,Feb,23.2148977,Kyela
2018,Feb,18.87050717,Mbeya Urban
2018,Feb,20.39585989,Rungwe
2018,Feb,20.09310882,Tunduma
2018,Feb,25.23048953,Administrative unit not available
2018,Mar,21.24235396,Mbarali
2018,Mar,18.46279414,Mbeya Rural
2018,Mar,19.69475226,Mbozi
2018,Mar,20.98900884,Momba
2018,Mar,20.79797307,Chunya
2018,Mar,19.18799206,Ileje
2018,Mar,22.73559558,Kyela
2018,Mar,17.65962612,Mbeya Urban
2018,Mar,19.4947627,Rungwe
2018,Mar,19.13851581,Tunduma
2018,Mar,24.01393185,Administrative unit not available
2018,Apr,21.05374153,Mbarali
2018,Apr,18.01878763,Mbeya Rural
2018,Apr,19.34217417,Mbozi
2018,Apr,20.65014027,Momba
2018,Apr,20.41029199,Chunya
2018,Apr,18.07040512,Ileje
2018,Apr,21.18548665,Kyela
2018,Apr,17.20564692,Mbeya Urban
2018,Apr,18.13707686,Rungwe
2018,Apr,18.57349248,Tunduma
2018,Apr,23.56452366,Administrative unit not available
2018,May,21.52080632,Mbarali
2018,May,17.84243831,Mbeya Rural
2018,May,19.27105442,Mbozi
2018,May,20.90863589,Momba
2018,May,21.27058055,Chunya
2018,May,17.37648755,Ileje
2018,May,20.39303002,Kyela
2018,May,17.12809142,Mbeya Urban
2018,May,17.27665652,Rungwe
2018,May,18.44529635,Tunduma
2018,May,24.47968578,Administrative unit not available
2018,Jun,20.50308553,Mbarali
2018,Jun,16.51667601,Mbeya Rural
2018,Jun,18.32004189,Mbozi
2018,Jun,20.03443669,Momba
2018,Jun,20.7762027,Chunya
2018,Jun,15.33196659,Ileje
2018,Jun,18.37383651,Kyela
2018,Jun,15.82338035,Mbeya Urban
2018,Jun,15.1813878,Rungwe
2018,Jun,16.99853779,Tunduma
2018,Jun,23.10723193,Administrative unit not available
2018,Jul,19.79361029,Mbarali
2018,Jul,15.74902841,Mbeya Rural
2018,Jul,17.37951262,Mbozi
2018,Jul,19.0894077,Momba
2018,Jul,20.08165923,Chunya
2018,Jul,14.2933296,Ileje
2018,Jul,17.29707352,Kyela
2018,Jul,15.18099716,Mbeya Urban
2018,Jul,14.15249613,Rungwe
2018,Jul,15.97321007,Tunduma
2018,Jul,22.15729899,Administrative unit not available
2018,Aug,21.20739541,Mbarali
2018,Aug,18.21949012,Mbeya Rural
2018,Aug,20.14374735,Mbozi
2018,Aug,21.679101,Momba
2018,Aug,21.92952297,Chunya
2018,Aug,16.98693805,Ileje
2018,Aug,19.65254563,Kyela
2018,Aug,17.62596497,Mbeya Urban
2018,Aug,16.88124852,Rungwe
2018,Aug,19.01248503,Tunduma
2018,Aug,23.90650426,Administrative unit not available
2018,Sep,22.999401,Mbarali
2018,Sep,20.13795431,Mbeya Rural
2018,Sep,22.29290844,Mbozi
2018,Sep,24.11109231,Momba
2018,Sep,23.95634031,Chunya
2018,Sep,19.51061918,Ileje
2018,Sep,22.36923598,Kyela
2018,Sep,19.34573392,Mbeya Urban
2018,Sep,19.16590192,Rungwe
2018,Sep,21.25495239,Tunduma
2018,Sep,26.0704008,Administrative unit not available
2018,Oct,24.27255324,Mbarali
2018,Oct,20.5028271,Mbeya Rural
2018,Oct,22.71372399,Mbozi
2018,Oct,24.83893676,Momba
2018,Oct,24.94005857,Chunya
2018,Oct,20.05443995,Ileje
2018,Oct,22.77859659,Kyela
2018,Oct,19.60921976,Mbeya Urban
2018,Oct,19.26930867,Rungwe
2018,Oct,21.77834097,Tunduma
2018,Oct,27.33942675,Administrative unit not available
2018,Nov,24.56760467,Mbarali
2018,Nov,20.63926647,Mbeya Rural
2018,Nov,22.56434304,Mbozi
2018,Nov,24.43876201,Momba
2018,Nov,24.1670997,Chunya
2018,Nov,20.805627,Ileje
2018,Nov,23.65523803,Kyela
2018,Nov,19.72541119,Mbeya Urban
2018,Nov,20.32658753,Rungwe
2018,Nov,21.87996692,Tunduma
2018,Nov,26.83880647,Administrative unit not available
2018,Dec,22.35636077,Mbarali
2018,Dec,19.33616491,Mbeya Rural
2018,Dec,20.59538613,Mbozi
2018,Dec,21.90946854,Momba
2018,Dec,21.75058267,Chunya
2018,Dec,19.72392592,Ileje
2018,Dec,22.90601578,Kyela
2018,Dec,18.58272145,Mbeya Urban
2018,Dec,19.92582049,Rungwe
2018,Dec,19.83010117,Tunduma
2018,Dec,24.5831784,Administrative unit not available
2019,Jan,22.52403686,Mbarali
2019,Jan,19.34499041,Mbeya Rural
2019,Jan,20.56938122,Mbozi
2019,Jan,21.9173104,Momba
2019,Jan,21.71438624,Chunya
2019,Jan,20.03732175,Ileje
2019,Jan,23.60939433,Kyela
2019,Jan,18.53863495,Mbeya Urban
2019,Jan,20.36221816,Rungwe
2019,Jan,19.85981143,Tunduma
2019,Jan,24.71864968,Administrative unit not available
2019,Feb,22.67060819,Mbarali
2019,Feb,19.62631161,Mbeya Rural
2019,Feb,20.88081435,Mbozi
2019,Feb,22.19512301,Momba
2019,Feb,22.10100656,Chunya
2019,Feb,19.99235274,Ileje
2019,Feb,23.19730073,Kyela
2019,Feb,18.75743685,Mbeya Urban
2019,Feb,20.30447008,Rungwe
2019,Feb,20.01578264,Tunduma
2019,Feb,25.30877067,Administrative unit not available
2019,Mar,23.45579617,Mbarali
2019,Mar,19.99916261,Mbeya Rural
2019,Mar,21.21398699,Mbozi
2019,Mar,22.59677925,Momba
2019,Mar,22.87629754,Chunya
2019,Mar,20.18333757,Ileje
2019,Mar,23.53476422,Kyela
2019,Mar,19.01045543,Mbeya Urban
2019,Mar,20.45692179,Rungwe
2019,Mar,20.19460918,Tunduma
2019,Mar,26.12665333,Administrative unit not available
2019,Apr,22.70957738,Mbarali
2019,Apr,19.45265241,Mbeya Rural
2019,Apr,20.77470084,Mbozi
2019,Apr,22.30760509,Momba
2019,Apr,22.02160782,Chunya
2019,Apr,19.16842016,Ileje
2019,Apr,22.12650202,Kyela
2019,Apr,18.59673765,Mbeya Urban
2019,Apr,19.19137803,Rungwe
2019,Apr,19.7092736,Tunduma
2019,Apr,25.6938834,Administrative unit not available
2019,May,22.18212243,Mbarali
2019,May,18.43393118,Mbeya Rural
2019,May,19.8083726,Mbozi
2019,May,21.82415864,Momba
2019,May,21.89726387,Chunya
2019,May,17.56019154,Ileje
2019,May,20.50496199,Kyela
2019,May,17.63770427,Mbeya Urban
2019,May,17.40821752,Rungwe
2019,May,18.89689218,Tunduma
2019,May,25.41661994,Administrative unit not available
2019,Jun,20.77752181,Mbarali
2019,Jun,16.09977937,Mbeya Rural
2019,Jun,17.87025511,Mbozi
2019,Jun,19.84727911,Momba
2019,Jun,20.94491234,Chunya
2019,Jun,14.66131969,Ileje
2019,Jun,17.80719242,Kyela
2019,Jun,15.25904424,Mbeya Urban
2019,Jun,14.51731904,Rungwe
2019,Jun,16.48313627,Tunduma
2019,Jun,23.17789053,Administrative unit not available
2019,Jul,20.83757805,Mbarali
2019,Jul,17.02770298,Mbeya Rural
2019,Jul,18.72541486,Mbozi
2019,Jul,20.54299114,Momba
2019,Jul,21.1933806,Chunya
2019,Jul,15.32780327,Ileje
2019,Jul,18.07123022,Kyela
2019,Jul,16.39818434,Mbeya Urban
2019,Jul,15.3309905,Rungwe
2019,Jul,17.29365947,Tunduma
2019,Jul,23.38114151,Administrative unit not available
2019,Aug,21.95992133,Mbarali
2019,Aug,18.42242275,Mbeya Rural
2019,Aug,20.28702553,Mbozi
2019,Aug,22.18138076,Momba
2019,Aug,22.60283941,Chunya
2019,Aug,16.80401945,Ileje
2019,Aug,19.58228852,Kyela
2019,Aug,17.80664516,Mbeya Urban
2019,Aug,16.72038758,Rungwe
2019,Aug,18.86024875,Tunduma
2019,Aug,24.57681078,Administrative unit not available
2019,Sep,23.56650044,Mbarali
2019,Sep,20.13644616,Mbeya Rural
2019,Sep,22.03485534,Mbozi
2019,Sep,24.01077401,Momba
2019,Sep,24.23024095,Chunya
2019,Sep,18.93470915,Ileje
2019,Sep,21.84426331,Kyela
2019,Sep,19.4834067,Mbeya Urban
2019,Sep,18.63007233,Rungwe
2019,Sep,20.63842261,Tunduma
2019,Sep,26.32251608,Administrative unit not available
2019,Oct,24.37882402,Mbarali
2019,Oct,21.04191951,Mbeya Rural
2019,Oct,22.95236459,Mbozi
2019,Oct,24.76662261,Momba
2019,Oct,24.38939216,Chunya
2019,Oct,20.69485262,Ileje
2019,Oct,23.49075655,Kyela
2019,Oct,20.19562351,Mbeya Urban
2019,Oct,20.02876431,Rungwe
2019,Oct,22.2105054,Tunduma
2019,Oct,26.95504339,Administrative unit not available
2019,Nov,24.56027589,Mbarali
2019,Nov,21.08782713,Mbeya Rural
2019,Nov,22.8565477,Mbozi
2019,Nov,24.53497661,Momba
2019,Nov,24.13908097,Chunya
2019,Nov,21.42559486,Ileje
2019,Nov,24.74042031,Kyela
2019,Nov,20.25846344,Mbeya Urban
2019,Nov,21.05443648,Rungwe
2019,Nov,22.14824721,Tunduma
2019,Nov,26.57495014,Administrative unit not available
2019,Dec,21.63044908,Mbarali
2019,Dec,18.89772806,Mbeya Rural
2019,Dec,20.02832237,Mbozi
2019,Dec,21.28297781,Momba
2019,Dec,20.9410399,Chunya
2019,Dec,19.6839886,Ileje
2019,Dec,23.05745052,Kyela
2019,Dec,18.17928382,Mbeya Urban
2019,Dec,19.91735526,Rungwe
2019,Dec,19.60716636,Tunduma
2019,Dec,23.71851273,Administrative unit not available
2020,Jan,21.66991339,Mbarali
2020,Jan,19.14698023,Mbeya Rural
2020,Jan,20.29002001,Mbozi
2020,Jan,21.4850692,Momba
2020,Jan,21.29952973,Chunya
2020,Jan,20.24632252,Ileje
2020,Jan,24.32801777,Kyela
2020,Jan,18.42632013,Mbeya Urban
2020,Jan,20.7852648,Rungwe
2020,Jan,19.74112641,Tunduma
2020,Jan,24.50080248,Administrative unit not available
2020,Feb,21.6234758,Mbarali
2020,Feb,19.14537089,Mbeya Rural
2020,Feb,20.4641612,Mbozi
2020,Feb,21.68705446,Momba
2020,Feb,21.40121158,Chunya
2020,Feb,19.88690493,Ileje
2020,Feb,23.44510114,Kyela
2020,Feb,18.38381123,Mbeya Urban
2020,Feb,20.27536978,Rungwe
2020,Feb,19.8069891,Tunduma
2020,Feb,24.63814832,Administrative unit not available
2020,Mar,21.26088883,Mbarali
2020,Mar,18.88172577,Mbeya Rural
2020,Mar,20.19923211,Mbozi
2020,Mar,21.36430333,Momba
2020,Mar,21.03251319,Chunya
2020,Mar,19.27141657,Ileje
2020,Mar,22.46687456,Kyela
2020,Mar,18.15147876,Mbeya Urban
2020,Mar,19.56912332,Rungwe
2020,Mar,19.4882116,Tunduma
2020,Mar,24.49111233,Administrative unit not available
2020,Apr,21.43581548,Mbarali
2020,Apr,18.54511836,Mbeya Rural
2020,Apr,19.98795951,Mbozi
2020,Apr,21.29661693,Momba
2020,Apr,20.95495448,Chunya
2020,Apr,18.54207405,Ileje
2020,Apr,21.86579031,Kyela
2020,Apr,17.81484957,Mbeya Urban
2020,Apr,18.72421489,Rungwe
2020,Apr,19.11969204,Tunduma
2020,Apr,24.55338841,Administrative unit not available
2020,May,21.41941656,Mbarali
2020,May,17.81560431,Mbeya Rural
2020,May,19.29256377,Mbozi
2020,May,20.99949088,Momba
2020,May,20.86628682,Chunya
2020,May,17.12564495,Ileje
2020,May,20.37724169,Kyela
2020,May,17.18919194,Mbeya Urban
2020,May,17.25754709,Rungwe
2020,May,18.2831242,Tunduma
2020,May,24.42510233,Administrative unit not available
2020,Jun,20.42444698,Mbarali
2020,Jun,16.56747288,Mbeya Rural
2020,Jun,18.35388707,Mbozi
2020,Jun,20.01605699,Momba
2020,Jun,20.42994931,Chunya
2020,Jun,15.3665268,Ileje
2020,Jun,18.62741661,Kyela
2020,Jun,15.95071192,Mbeya Urban
2020,Jun,15.52038301,Rungwe
2020,Jun,16.99413228,Tunduma
2020,Jun,23.1926314,Administrative unit not available
2020,Jul,19.45290863,Mbarali
2020,Jul,15.31170023,Mbeya Rural
2020,Jul,17.07158339,Mbozi
2020,Jul,18.85028187,Momba
2020,Jul,19.66934079,Chunya
2020,Jul,13.89142148,Ileje
2020,Jul,17.22889623,Kyela
2020,Jul,14.7388598,Mbeya Urban
2020,Jul,13.90618368,Rungwe
2020,Jul,15.62631313,Tunduma
2020,Jul,22.04321601,Administrative unit not available
2020,Aug,21.3045764,Mbarali
2020,Aug,18.17023809,Mbeya Rural
2020,Aug,20.0603472,Mbozi
2020,Aug,21.53238664,Momba
2020,Aug,21.79250283,Chunya
2020,Aug,16.89347409,Ileje
2020,Aug,19.57428644,Kyela
2020,Aug,17.6346405,Mbeya Urban
2020,Aug,16.89188304,Rungwe
2020,Aug,18.87313278,Tunduma
2020,Aug,23.84624875,Administrative unit not available
2020,Sep,22.82838997,Mbarali
2020,Sep,19.8674029,Mbeya Rural
2020,Sep,21.75234591,Mbozi
2020,Sep,23.37059364,Momba
2020,Sep,23.36863279,Chunya
2020,Sep,18.93197864,Ileje
2020,Sep,21.98985323,Kyela
2020,Sep,19.34125634,Mbeya Urban
2020,Sep,18.9646905,Rungwe
2020,Sep,20.59481801,Tunduma
2020,Sep,25.62500485,Administrative unit not available
2020,Oct,24.62480303,Mbarali
2020,Oct,21.39819232,Mbeya Rural
2020,Oct,23.75327225,Mbozi
2020,Oct,25.48384869,Momba
2020,Oct,24.9934318,Chunya
2020,Oct,21.12381715,Ileje
2020,Oct,24.14491215,Kyela
2020,Oct,20.49034044,Mbeya Urban
2020,Oct,20.80570713,Rungwe
2020,Oct,22.74247363,Tunduma
2020,Oct,27.7154039,Administrative unit not available
2020,Nov,23.9168101,Mbarali
2020,Nov,20.77980881,Mbeya Rural
2020,Nov,22.51473513,Mbozi
2020,Nov,23.96082456,Momba
2020,Nov,23.41221426,Chunya
2020,Nov,21.37151327,Ileje
2020,Nov,24.69530972,Kyela
2020,Nov,19.94389773,Mbeya Urban
2020,Nov,21.12652271,Rungwe
2020,Nov,21.99933588,Tunduma
2020,Nov,26.11609606,Administrative unit not available
2020,Dec,22.36703268,Mbarali
2020,Dec,19.05785759,Mbeya Rural
2020,Dec,20.32961604,Mbozi
2020,Dec,21.56142748,Momba
2020,Dec,21.05949391,Chunya
2020,Dec,19.9703788,Ileje
2020,Dec,23.84423233,Kyela
2020,Dec,18.32991458,Mbeya Urban
2020,Dec,20.36702077,Rungwe
2020,Dec,19.76964614,Tunduma
2020,Dec,24.20702772,Administrative unit not available
2021,Jan,20.97476722,Mbarali
2021,Jan,18.47701293,Mbeya Rural
2021,Jan,19.70194786,Mbozi
2021,Jan,20.86848045,Momba
2021,Jan,20.51566609,Chunya
2021,Jan,19.52012896,Ileje
2021,Jan,23.46917922,Kyela
2021,Jan,17.71135261,Mbeya Urban
2021,Jan,20.03542107,Rungwe
2021,Jan,19.132436,Tunduma
2021,Jan,23.78429954,Administrative unit not available
2021,Feb,21.2886688,Mbarali
2021,Feb,18.93747578,Mbeya Rural
2021,Feb,20.11162672,Mbozi
2021,Feb,21.33324255,Momba
2021,Feb,21.06842076,Chunya
2021,Feb,19.94770746,Ileje
2021,Feb,23.93756042,Kyela
2021,Feb,18.20334887,Mbeya Urban
2021,Feb,20.50099382,Rungwe
2021,Feb,19.51644912,Tunduma
2021,Feb,24.53392732,Administrative unit not available
2021,Mar,21.31930187,Mbarali
2021,Mar,18.82296676,Mbeya Rural
2021,Mar,20.12874423,Mbozi
2021,Mar,21.37790858,Momba
2021,Mar,21.11707318,Chunya
2021,Mar,19.34907341,Ileje
2021,Mar,22.85844208,Kyela
2021,Mar,18.04776021,Mbeya Urban
2021,Mar,19.77809728,Rungwe
2021,Mar,19.30749716,Tunduma
2021,Mar,24.78566983,Administrative unit not available
2021,Apr,21.30854744,Mbarali
2021,Apr,18.09102555,Mbeya Rural
2021,Apr,19.4473248,Mbozi
2021,Apr,20.79425947,Momba
2021,Apr,20.77600051,Chunya
2021,Apr,17.84799613,Ileje
2021,Apr,21.04263005,Kyela
2021,Apr,17.28201589,Mbeya Urban
2021,Apr,17.94164609,Rungwe
2021,Apr,18.52005756,Tunduma
2021,Apr,24.25195818,Administrative unit not available
2021,May,21.18932624,Mbarali
2021,May,17.14672236,Mbeya Rural
2021,May,18.53160055,Mbozi
2021,May,20.07875989,Momba
2021,May,21.06127544,Chunya
2021,May,16.01053305,Ileje
2021,May,19.39302418,Kyela
2021,May,16.40024942,Mbeya Urban
2021,May,16.2673687,Rungwe
2021,May,17.07163367,Tunduma
2021,May,24.03344044,Administrative unit not available
2021,Jun,19.94716988,Mbarali
2021,Jun,16.46947697,Mbeya Rural
2021,Jun,18.04916551,Mbozi
2021,Jun,19.52064005,Momba
2021,Jun,20.29645402,Chunya
2021,Jun,14.9281148,Ileje
2021,Jun,18.0755888,Kyela
2021,Jun,15.9069706,Mbeya Urban
2021,Jun,15.12555543,Rungwe
2021,Jun,16.63971893,Tunduma
2021,Jun,22.92069349,Administrative unit not available
2021,Jul,19.17807773,Mbarali
2021,Jul,15.51222498,Mbeya Rural
2021,Jul,17.18082346,Mbozi
2021,Jul,18.70382474,Momba
2021,Jul,19.44563497,Chunya
2021,Jul,13.81974715,Ileje
2021,Jul,17.11446723,Kyela
2021,Jul,14.99506733,Mbeya Urban
2021,Jul,14.0300543,Rungwe
2021,Jul,15.64590928,Tunduma
2021,Jul,21.89273933,Administrative unit not available
2021,Aug,21.33632845,Mbarali
2021,Aug,18.16695331,Mbeya Rural
2021,Aug,20.05172206,Mbozi
2021,Aug,21.53807659,Momba
2021,Aug,21.94962471,Chunya
2021,Aug,16.64255476,Ileje
2021,Aug,19.5550514,Kyela
2021,Aug,17.64281294,Mbeya Urban
2021,Aug,16.65815213,Rungwe
2021,Aug,18.69298996,Tunduma
2021,Aug,23.96408474,Administrative unit not available
2021,Sep,22.87647105,Mbarali
2021,Sep,20.04562306,Mbeya Rural
2021,Sep,22.00428892,Mbozi
2021,Sep,23.63804955,Momba
2021,Sep,23.72769648,Chunya
2021,Sep,18.99107602,Ileje
2021,Sep,22.016032,Kyela
2021,Sep,19.44563791,Mbeya Urban
2021,Sep,18.95387377,Rungwe
2021,Sep,20.82415026,Tunduma
2021,Sep,25.93790788,Administrative unit not available
2021,Oct,24.84047481,Mbarali
2021,Oct,21.76847213,Mbeya Rural
2021,Oct,23.81686838,Mbozi
2021,Oct,25.49005558,Momba
2021,Oct,25.46185299,Chunya
2021,Oct,21.20097469,Ileje
2021,Oct,24.34782346,Kyela
2021,Oct,21.01906083,Mbeya Urban
2021,Oct,20.96081226,Rungwe
2021,Oct,22.6659552,Tunduma
2021,Oct,27.80105309,Administrative unit not available
2021,Nov,25.85439372,Mbarali
2021,Nov,21.82378713,Mbeya Rural
2021,Nov,23.81599104,Mbozi
2021,Nov,25.32203136,Momba
2021,Nov,25.1315543,Chunya
2021,Nov,22.45496504,Ileje
2021,Nov,25.88303175,Kyela
2021,Nov,20.99395104,Mbeya Urban
2021,Nov,22.02428699,Rungwe
2021,Nov,23.33492979,Tunduma
2021,Nov,27.59831904,Administrative unit not available
2021,Dec,25.2144437,Mbarali
2021,Dec,21.50509033,Mbeya Rural
2021,Dec,23.50933829,Mbozi
2021,Dec,25.18430102,Momba
2021,Dec,24.60621247,Chunya
2021,Dec,21.67642419,Ileje
2021,Dec,25.06546073,Kyela
2021,Dec,20.60537837,Mbeya Urban
2021,Dec,21.4577757,Rungwe
2021,Dec,22.62429355,Tunduma
2021,Dec,27.04215281,Administrative unit not available
2022,Jan,22.33357224,Mbarali
2022,Jan,18.90099731,Mbeya Rural
2022,Jan,20.24185468,Mbozi
2022,Jan,21.55996791,Momba
2022,Jan,21.53139377,Chunya
2022,Jan,19.38480319,Ileje
2022,Jan,23.17516293,Kyela
2022,Jan,18.14366332,Mbeya Urban
2022,Jan,19.86853713,Rungwe
2022,Jan,19.40801024,Tunduma
2022,Jan,24.65364304,Administrative unit not available
2022,Feb,20.67854366,Mbarali
2022,Feb,18.20391967,Mbeya Rural
2022,Feb,19.37600218,Mbozi
2022,Feb,20.57902646,Momba
2022,Feb,20.43571355,Chunya
2022,Feb,19.17569758,Ileje
2022,Feb,23.13254846,Kyela
2022,Feb,17.4349689,Mbeya Urban
2022,Feb,19.70602933,Rungwe
2022,Feb,18.73413398,Tunduma
2022,Feb,23.8502101,Administrative unit not available
2022,Mar,21.83619161,Mbarali
2022,Mar,19.10187521,Mbeya Rural
2022,Mar,20.40589202,Mbozi
2022,Mar,21.64059817,Momba
2022,Mar,21.60849765,Chunya
2022,Mar,19.47289516,Ileje
2022,Mar,22.99161975,Kyela
2022,Mar,18.26131475,Mbeya Urban
2022,Mar,19.84185479,Rungwe
2022,Mar,19.47684848,Tunduma
2022,Mar,25.07574062,Administrative unit not available
2022,Apr,22.27102597,Mbarali
2022,Apr,19.09034981,Mbeya Rural
2022,Apr,20.4600181,Mbozi
2022,Apr,21.83636246,Momba
2022,Apr,22.238389,Chunya
2022,Apr,18.75010258,Ileje
2022,Apr,21.96875337,Kyela
2022,Apr,18.204381,Mbeya Urban
2022,Apr,18.96367578,Rungwe
2022,Apr,19.27644502,Tunduma
2022,Apr,25.71613204,Administrative unit not available
2022,May,21.67935936,Mbarali
2022,May,17.85476098,Mbeya Rural
2022,May,19.41144227,Mbozi
2022,May,20.96265707,Momba
2022,May,21.74728189,Chunya
2022,May,16.82639944,Ileje
2022,May,20.31640251,Kyela
2022,May,17.00988254,Mbeya Urban
2022,May,17.06135046,Rungwe
2022,May,17.96618822,Tunduma
2022,May,24.70961503,Administrative unit not available
2022,Jun,19.68849364,Mbarali
2022,Jun,15.7458433,Mbeya Rural
2022,Jun,17.26523135,Mbozi
2022,Jun,18.88373046,Momba
2022,Jun,20.09470378,Chunya
2022,Jun,14.20782014,Ileje
2022,Jun,17.63276629,Kyela
2022,Jun,15.08113386,Mbeya Urban
2022,Jun,14.41499558,Rungwe
2022,Jun,15.70312795,Tunduma
2022,Jun,22.46184554,Administrative unit not available
2022,Jul,19.22987223,Mbarali
2022,Jul,16.041923,Mbeya Rural
2022,Jul,17.79944656,Mbozi
2022,Jul,19.41643193,Momba
2022,Jul,20.07103593,Chunya
2022,Jul,14.43961765,Ileje
2022,Jul,17.48413779,Kyela
2022,Jul,15.48045466,Mbeya Urban
2022,Jul,14.48815385,Rungwe
2022,Jul,16.26608318,Tunduma
2022,Jul,22.44575906,Administrative unit not available
2022,Aug,20.85999169,Mbarali
2022,Aug,17.91601205,Mbeya Rural
2022,Aug,19.71637468,Mbozi
2022,Aug,21.33116483,Momba
2022,Aug,21.79733709,Chunya
2022,Aug,16.45128547,Ileje
2022,Aug,19.37169574,Kyela
2022,Aug,17.39372329,Mbeya Urban
2022,Aug,16.51383659,Rungwe
2022,Aug,18.32080753,Tunduma
2022,Aug,23.90425169,Administrative unit not available
2022,Sep,22.35983049,Mbarali
2022,Sep,19.54996092,Mbeya Rural
2022,Sep,21.52604702,Mbozi
2022,Sep,23.27598076,Momba
2022,Sep,23.37507531,Chunya
2022,Sep,18.26294422,Ileje
2022,Sep,21.50389211,Kyela
2022,Sep,18.96927899,Mbeya Urban
2022,Sep,18.28556957,Rungwe
2022,Sep,20.18684429,Tunduma
2022,Sep,25.55565983,Administrative unit not available
2022,Oct,24.26837045,Mbarali
2022,Oct,21.65172313,Mbeya Rural
2022,Oct,23.77120225,Mbozi
2022,Oct,25.51202923,Momba
2022,Oct,25.30804267,Chunya
2022,Oct,20.92079271,Ileje
2022,Oct,24.27671058,Kyela
2022,Oct,20.96633537,Mbeya Urban
2022,Oct,20.86199219,Rungwe
2022,Oct,22.56643159,Tunduma
2022,Oct,27.39471104,Administrative unit not available
2022,Nov,24.63510938,Mbarali
2022,Nov,20.85203313,Mbeya Rural
2022,Nov,22.94992998,Mbozi
2022,Nov,24.57032426,Momba
2022,Nov,24.47959612,Chunya
2022,Nov,21.29298665,Ileje
2022,Nov,25.09142185,Kyela
2022,Nov,19.90485223,Mbeya Urban
2022,Nov,20.99264612,Rungwe
2022,Nov,21.95572282,Tunduma
2022,Nov,26.76822219,Administrative unit not available
2022,Dec,22.45543274,Mbarali
2022,Dec,18.95492433,Mbeya Rural
2022,Dec,20.42166443,Mbozi
2022,Dec,21.68820001,Momba
2022,Dec,21.80992826,Chunya
2022,Dec,19.30405677,Ileje
2022,Dec,23.15009897,Kyela
2022,Dec,18.1666944,Mbeya Urban
2022,Dec,19.566018,Rungwe
2022,Dec,19.57613148,Tunduma
2022,Dec,24.51966017,Administrative unit not available
2023,Jan,21.31541363,Mbarali
2023,Jan,18.51602862,Mbeya Rural
2023,Jan,19.78289257,Mbozi
2023,Jan,21.05097347,Momba
2023,Jan,20.83035739,Chunya
2023,Jan,19.2024232,Ileje
2023,Jan,23.21842326,Kyela
2023,Jan,17.75512575,Mbeya Urban
2023,Jan,19.69314259,Rungwe
2023,Jan,19.02177528,Tunduma
2023,Jan,24.3326201,Administrative unit not available
2023,Feb,22.44709432,Mbarali
2023,Feb,19.38510296,Mbeya Rural
2023,Feb,20.67889807,Mbozi
2023,Feb,21.89837339,Momba
2023,Feb,21.99061975,Chunya
2023,Feb,20.0600329,Ileje
2023,Feb,24.19839231,Kyela
2023,Feb,18.51208276,Mbeya Urban
2023,Feb,20.48978315,Rungwe
2023,Feb,19.87425285,Tunduma
2023,Feb,25.28482228,Administrative unit not available
2023,Mar,21.76691188,Mbarali
2023,Mar,18.89960178,Mbeya Rural
2023,Mar,20.09358894,Mbozi
2023,Mar,21.25662265,Momba
2023,Mar,21.18828734,Chunya
2023,Mar,19.40489231,Ileje
2023,Mar,23.19125549,Kyela
2023,Mar,18.04814268,Mbeya Urban
2023,Mar,19.76954994,Rungwe
2023,Mar,19.28102788,Tunduma
2023,Mar,24.58389042,Administrative unit not available
2023,Apr,21.70556451,Mbarali
2023,Apr,18.52567037,Mbeya Rural
2023,Apr,19.82806205,Mbozi
2023,Apr,21.10560738,Momba
2023,Apr,21.06202585,Chunya
2023,Apr,18.44300498,Ileje
2023,Apr,21.82166814,Kyela
2023,Apr,17.77404551,Mbeya Urban
2023,Apr,18.57943602,Rungwe
2023,Apr,18.94292534,Tunduma
2023,Apr,24.45087544,Administrative unit not available
