year,month,mm,ADM2_NAME,ADM1_NAME
2010,Jan,239.6979565,Kalambo,Rukwa
2010,Jan,209.1032907,Sumbawanga Rural,Rukwa
2010,Jan,184.0163757,Nkasi,Rukwa
2010,Jan,196.649942,Sumbawanga Urban,Rukwa
2010,Jan,206.0874109,Administrative unit not available,Rukwa
2010,Feb,159.3330385,Kalambo,Rukwa
2010,Feb,148.0501536,Sumbawanga Rural,Rukwa
2010,Feb,144.2312604,Nkasi,Rukwa
2010,Feb,141.8626768,Sumbawanga Urban,Rukwa
2010,Feb,153.8571824,Administrative unit not available,Rukwa
2010,Mar,190.6870189,Kalambo,Rukwa
2010,Mar,189.4477404,Sumbawanga Rural,Rukwa
2010,Mar,175.162595,Nkasi,Rukwa
2010,Mar,180.6003411,Sumbawanga Urban,Rukwa
2010,Mar,235.4956079,Administrative unit not available,Rukwa
2010,Apr,37.73774353,Kalambo,Rukwa
2010,Apr,20.79912115,Sumbawanga Rural,Rukwa
2010,Apr,38.24669842,Nkasi,Rukwa
2010,Apr,19.57777328,Sumbawanga Urban,Rukwa
2010,Apr,38.90846291,Administrative unit not available,Rukwa
2010,May,14.56409378,Kalambo,Rukwa
2010,May,11.22805021,Sumbawanga Rural,Rukwa
2010,May,11.59114931,Nkasi,Rukwa
2010,May,12.81275125,Sumbawanga Urban,Rukwa
2010,May,7.038896914,Administrative unit not available,Rukwa
2010,Jun,0.002617639,Kalambo,Rukwa
2010,Jun,0,Sumbawanga Rural,Rukwa
2010,Jun,0,Nkasi,Rukwa
2010,Jun,0.182212397,Sumbawanga Urban,Rukwa
2010,Jun,0,Administrative unit not available,Rukwa
2010,Jul,0,Kalambo,Rukwa
2010,Jul,0,Sumbawanga Rural,Rukwa
2010,Jul,0,Nkasi,Rukwa
2010,Jul,0,Sumbawanga Urban,Rukwa
2010,Jul,0,Administrative unit not available,Rukwa
2010,Aug,0,Kalambo,Rukwa
2010,Aug,0,Sumbawanga Rural,Rukwa
2010,Aug,0,Nkasi,Rukwa
2010,Aug,0,Sumbawanga Urban,Rukwa
2010,Aug,0,Administrative unit not available,Rukwa
2010,Sep,0.128958098,Kalambo,Rukwa
2010,Sep,0.151776775,Sumbawanga Rural,Rukwa
2010,Sep,0.296596641,Nkasi,Rukwa
2010,Sep,0.058786689,Sumbawanga Urban,Rukwa
2010,Sep,0.121643805,Administrative unit not available,Rukwa
2010,Oct,7.813220128,Kalambo,Rukwa
2010,Oct,2.510328018,Sumbawanga Rural,Rukwa
2010,Oct,6.298021524,Nkasi,Rukwa
2010,Oct,6.169843677,Sumbawanga Urban,Rukwa
2010,Oct,6.748725547,Administrative unit not available,Rukwa
2010,Nov,57.39905346,Kalambo,Rukwa
2010,Nov,32.98398069,Sumbawanga Rural,Rukwa
2010,Nov,60.57854785,Nkasi,Rukwa
2010,Nov,38.74915706,Sumbawanga Urban,Rukwa
2010,Nov,54.69139334,Administrative unit not available,Rukwa
2010,Dec,205.9271091,Kalambo,Rukwa
2010,Dec,185.8969112,Sumbawanga Rural,Rukwa
2010,Dec,204.1366481,Nkasi,Rukwa
2010,Dec,195.9768446,Sumbawanga Urban,Rukwa
2010,Dec,215.7707023,Administrative unit not available,Rukwa
2011,Jan,219.3017911,Kalambo,Rukwa
2011,Jan,172.4891439,Sumbawanga Rural,Rukwa
2011,Jan,194.3294588,Nkasi,Rukwa
2011,Jan,177.4177161,Sumbawanga Urban,Rukwa
2011,Jan,204.9986139,Administrative unit not available,Rukwa
2011,Feb,137.4717004,Kalambo,Rukwa
2011,Feb,128.3743451,Sumbawanga Rural,Rukwa
2011,Feb,115.0236597,Nkasi,Rukwa
2011,Feb,109.0654816,Sumbawanga Urban,Rukwa
2011,Feb,125.8721383,Administrative unit not available,Rukwa
2011,Mar,210.2764538,Kalambo,Rukwa
2011,Mar,182.0048378,Sumbawanga Rural,Rukwa
2011,Mar,174.8907061,Nkasi,Rukwa
2011,Mar,167.8924385,Sumbawanga Urban,Rukwa
2011,Mar,226.5612485,Administrative unit not available,Rukwa
2011,Apr,92.93784055,Kalambo,Rukwa
2011,Apr,67.76185864,Sumbawanga Rural,Rukwa
2011,Apr,92.54509152,Nkasi,Rukwa
2011,Apr,93.01087252,Sumbawanga Urban,Rukwa
2011,Apr,98.50996658,Administrative unit not available,Rukwa
2011,May,7.017956851,Kalambo,Rukwa
2011,May,5.86796775,Sumbawanga Rural,Rukwa
2011,May,11.05857974,Nkasi,Rukwa
2011,May,8.492798866,Sumbawanga Urban,Rukwa
2011,May,2.787391669,Administrative unit not available,Rukwa
2011,Jun,0.396165615,Kalambo,Rukwa
2011,Jun,0.334797315,Sumbawanga Rural,Rukwa
2011,Jun,0.428306878,Nkasi,Rukwa
2011,Jun,1.279380007,Sumbawanga Urban,Rukwa
2011,Jun,0.015027563,Administrative unit not available,Rukwa
2011,Jul,0,Kalambo,Rukwa
2011,Jul,0,Sumbawanga Rural,Rukwa
2011,Jul,0,Nkasi,Rukwa
2011,Jul,0,Sumbawanga Urban,Rukwa
2011,Jul,0,Administrative unit not available,Rukwa
2011,Aug,0,Kalambo,Rukwa
2011,Aug,0,Sumbawanga Rural,Rukwa
2011,Aug,0,Nkasi,Rukwa
2011,Aug,0,Sumbawanga Urban,Rukwa
2011,Aug,9.21E-06,Administrative unit not available,Rukwa
2011,Sep,2.545623462,Kalambo,Rukwa
2011,Sep,1.340297351,Sumbawanga Rural,Rukwa
2011,Sep,2.499394413,Nkasi,Rukwa
2011,Sep,2.464923915,Sumbawanga Urban,Rukwa
2011,Sep,2.362505514,Administrative unit not available,Rukwa
2011,Oct,34.73218324,Kalambo,Rukwa
2011,Oct,14.56504663,Sumbawanga Rural,Rukwa
2011,Oct,27.47507937,Nkasi,Rukwa
2011,Oct,25.63740965,Sumbawanga Urban,Rukwa
2011,Oct,19.16233623,Administrative unit not available,Rukwa
2011,Nov,120.2281255,Kalambo,Rukwa
2011,Nov,111.3859305,Sumbawanga Rural,Rukwa
2011,Nov,117.9717637,Nkasi,Rukwa
2011,Nov,122.0775921,Sumbawanga Urban,Rukwa
2011,Nov,121.8883176,Administrative unit not available,Rukwa
2011,Dec,223.4483576,Kalambo,Rukwa
2011,Dec,230.350005,Sumbawanga Rural,Rukwa
2011,Dec,208.7947238,Nkasi,Rukwa
2011,Dec,232.48963,Sumbawanga Urban,Rukwa
2011,Dec,225.6479001,Administrative unit not available,Rukwa
2012,Jan,216.540516,Kalambo,Rukwa
2012,Jan,192.0666893,Sumbawanga Rural,Rukwa
2012,Jan,171.4079821,Nkasi,Rukwa
2012,Jan,181.8347262,Sumbawanga Urban,Rukwa
2012,Jan,196.8767932,Administrative unit not available,Rukwa
2012,Feb,185.8320306,Kalambo,Rukwa
2012,Feb,167.2163996,Sumbawanga Rural,Rukwa
2012,Feb,158.0305423,Nkasi,Rukwa
2012,Feb,164.5881173,Sumbawanga Urban,Rukwa
2012,Feb,163.789937,Administrative unit not available,Rukwa
2012,Mar,166.425029,Kalambo,Rukwa
2012,Mar,149.3175113,Sumbawanga Rural,Rukwa
2012,Mar,149.0193476,Nkasi,Rukwa
2012,Mar,136.3853382,Sumbawanga Urban,Rukwa
2012,Mar,180.3908838,Administrative unit not available,Rukwa
2012,Apr,43.78402579,Kalambo,Rukwa
2012,Apr,36.73359049,Sumbawanga Rural,Rukwa
2012,Apr,47.7059515,Nkasi,Rukwa
2012,Apr,34.3411109,Sumbawanga Urban,Rukwa
2012,Apr,47.87182281,Administrative unit not available,Rukwa
2012,May,13.4166309,Kalambo,Rukwa
2012,May,7.46183621,Sumbawanga Rural,Rukwa
2012,May,12.93740855,Nkasi,Rukwa
2012,May,8.561798792,Sumbawanga Urban,Rukwa
2012,May,6.444958655,Administrative unit not available,Rukwa
2012,Jun,0.003265824,Kalambo,Rukwa
2012,Jun,0,Sumbawanga Rural,Rukwa
2012,Jun,0.095303748,Nkasi,Rukwa
2012,Jun,0.340534904,Sumbawanga Urban,Rukwa
2012,Jun,3.07E-06,Administrative unit not available,Rukwa
2012,Jul,0,Kalambo,Rukwa
2012,Jul,0,Sumbawanga Rural,Rukwa
2012,Jul,0,Nkasi,Rukwa
2012,Jul,0,Sumbawanga Urban,Rukwa
2012,Jul,0,Administrative unit not available,Rukwa
2012,Aug,0.066203573,Kalambo,Rukwa
2012,Aug,0,Sumbawanga Rural,Rukwa
2012,Aug,0.274001983,Nkasi,Rukwa
2012,Aug,0,Sumbawanga Urban,Rukwa
2012,Aug,0.085608465,Administrative unit not available,Rukwa
2012,Sep,2.258937188,Kalambo,Rukwa
2012,Sep,0.415487508,Sumbawanga Rural,Rukwa
2012,Sep,1.639974231,Nkasi,Rukwa
2012,Sep,2.524277376,Sumbawanga Urban,Rukwa
2012,Sep,0.763323751,Administrative unit not available,Rukwa
2012,Oct,35.83468772,Kalambo,Rukwa
2012,Oct,17.20214872,Sumbawanga Rural,Rukwa
2012,Oct,29.22695432,Nkasi,Rukwa
2012,Oct,23.40686133,Sumbawanga Urban,Rukwa
2012,Oct,22.93132509,Administrative unit not available,Rukwa
2012,Nov,113.7081632,Kalambo,Rukwa
2012,Nov,78.49103828,Sumbawanga Rural,Rukwa
2012,Nov,124.3727689,Nkasi,Rukwa
2012,Nov,110.8932223,Sumbawanga Urban,Rukwa
2012,Nov,110.5603047,Administrative unit not available,Rukwa
2012,Dec,269.5665576,Kalambo,Rukwa
2012,Dec,282.0755942,Sumbawanga Rural,Rukwa
2012,Dec,240.2787497,Nkasi,Rukwa
2012,Dec,266.5338956,Sumbawanga Urban,Rukwa
2012,Dec,260.7251244,Administrative unit not available,Rukwa
2013,Jan,168.9661488,Kalambo,Rukwa
2013,Jan,130.2925281,Sumbawanga Rural,Rukwa
2013,Jan,128.1781306,Nkasi,Rukwa
2013,Jan,138.0040513,Sumbawanga Urban,Rukwa
2013,Jan,136.8765088,Administrative unit not available,Rukwa
2013,Feb,228.8789721,Kalambo,Rukwa
2013,Feb,202.408301,Sumbawanga Rural,Rukwa
2013,Feb,169.9913267,Nkasi,Rukwa
2013,Feb,196.6057192,Sumbawanga Urban,Rukwa
2013,Feb,190.8045153,Administrative unit not available,Rukwa
2013,Mar,179.9698029,Kalambo,Rukwa
2013,Mar,142.3454637,Sumbawanga Rural,Rukwa
2013,Mar,159.7721843,Nkasi,Rukwa
2013,Mar,136.5032293,Sumbawanga Urban,Rukwa
2013,Mar,189.0732675,Administrative unit not available,Rukwa
2013,Apr,131.3343609,Kalambo,Rukwa
2013,Apr,127.141659,Sumbawanga Rural,Rukwa
2013,Apr,125.4285791,Nkasi,Rukwa
2013,Apr,163.3220516,Sumbawanga Urban,Rukwa
2013,Apr,156.0022444,Administrative unit not available,Rukwa
2013,May,8.78777903,Kalambo,Rukwa
2013,May,8.272395602,Sumbawanga Rural,Rukwa
2013,May,5.167353571,Nkasi,Rukwa
2013,May,8.438386687,Sumbawanga Urban,Rukwa
2013,May,3.261645935,Administrative unit not available,Rukwa
2013,Jun,0,Kalambo,Rukwa
2013,Jun,0,Sumbawanga Rural,Rukwa
2013,Jun,0,Nkasi,Rukwa
2013,Jun,0.196557045,Sumbawanga Urban,Rukwa
2013,Jun,0,Administrative unit not available,Rukwa
2013,Jul,0,Kalambo,Rukwa
2013,Jul,9.54E-05,Sumbawanga Rural,Rukwa
2013,Jul,0,Nkasi,Rukwa
2013,Jul,0,Sumbawanga Urban,Rukwa
2013,Jul,1.43E-05,Administrative unit not available,Rukwa
2013,Aug,0.004287546,Kalambo,Rukwa
2013,Aug,0,Sumbawanga Rural,Rukwa
2013,Aug,0.119844187,Nkasi,Rukwa
2013,Aug,0,Sumbawanga Urban,Rukwa
2013,Aug,0.110478562,Administrative unit not available,Rukwa
2013,Sep,3.497584693,Kalambo,Rukwa
2013,Sep,0.921750951,Sumbawanga Rural,Rukwa
2013,Sep,3.720474151,Nkasi,Rukwa
2013,Sep,4.513246263,Sumbawanga Urban,Rukwa
2013,Sep,3.261731259,Administrative unit not available,Rukwa
2013,Oct,9.279723224,Kalambo,Rukwa
2013,Oct,4.887671711,Sumbawanga Rural,Rukwa
2013,Oct,7.827420107,Nkasi,Rukwa
2013,Oct,7.958466416,Sumbawanga Urban,Rukwa
2013,Oct,6.983328616,Administrative unit not available,Rukwa
2013,Nov,86.86834561,Kalambo,Rukwa
2013,Nov,44.6267652,Sumbawanga Rural,Rukwa
2013,Nov,87.02072935,Nkasi,Rukwa
2013,Nov,61.75080867,Sumbawanga Urban,Rukwa
2013,Nov,73.92566309,Administrative unit not available,Rukwa
2013,Dec,332.9136142,Kalambo,Rukwa
2013,Dec,298.1911384,Sumbawanga Rural,Rukwa
2013,Dec,315.208526,Nkasi,Rukwa
2013,Dec,294.9134212,Sumbawanga Urban,Rukwa
2013,Dec,314.901111,Administrative unit not available,Rukwa
2014,Jan,257.2668277,Kalambo,Rukwa
2014,Jan,227.460197,Sumbawanga Rural,Rukwa
2014,Jan,192.6882684,Nkasi,Rukwa
2014,Jan,204.8661083,Sumbawanga Urban,Rukwa
2014,Jan,218.645145,Administrative unit not available,Rukwa
2014,Feb,179.2877256,Kalambo,Rukwa
2014,Feb,157.7062465,Sumbawanga Rural,Rukwa
2014,Feb,147.4353511,Nkasi,Rukwa
2014,Feb,143.8443171,Sumbawanga Urban,Rukwa
2014,Feb,158.0377272,Administrative unit not available,Rukwa
2014,Mar,206.9646267,Kalambo,Rukwa
2014,Mar,190.2600801,Sumbawanga Rural,Rukwa
2014,Mar,167.9172571,Nkasi,Rukwa
2014,Mar,155.612831,Sumbawanga Urban,Rukwa
2014,Mar,225.5787514,Administrative unit not available,Rukwa
2014,Apr,99.71544161,Kalambo,Rukwa
2014,Apr,81.03551977,Sumbawanga Rural,Rukwa
2014,Apr,86.38010814,Nkasi,Rukwa
2014,Apr,77.22058367,Sumbawanga Urban,Rukwa
2014,Apr,109.1549559,Administrative unit not available,Rukwa
2014,May,6.70697609,Kalambo,Rukwa
2014,May,6.087197982,Sumbawanga Rural,Rukwa
2014,May,4.667049779,Nkasi,Rukwa
2014,May,7.946774904,Sumbawanga Urban,Rukwa
2014,May,1.14038361,Administrative unit not available,Rukwa
2014,Jun,0,Kalambo,Rukwa
2014,Jun,0,Sumbawanga Rural,Rukwa
2014,Jun,0,Nkasi,Rukwa
2014,Jun,0.196557977,Sumbawanga Urban,Rukwa
2014,Jun,0,Administrative unit not available,Rukwa
2014,Jul,0,Kalambo,Rukwa
2014,Jul,0,Sumbawanga Rural,Rukwa
2014,Jul,0,Nkasi,Rukwa
2014,Jul,0,Sumbawanga Urban,Rukwa
2014,Jul,0,Administrative unit not available,Rukwa
2014,Aug,0,Kalambo,Rukwa
2014,Aug,0.001967522,Sumbawanga Rural,Rukwa
2014,Aug,0.20846967,Nkasi,Rukwa
2014,Aug,0,Sumbawanga Urban,Rukwa
2014,Aug,0,Administrative unit not available,Rukwa
2014,Sep,0.068632433,Kalambo,Rukwa
2014,Sep,0.017190715,Sumbawanga Rural,Rukwa
2014,Sep,0.332101545,Nkasi,Rukwa
2014,Sep,0.745769394,Sumbawanga Urban,Rukwa
2014,Sep,0.69105056,Administrative unit not available,Rukwa
2014,Oct,34.60224026,Kalambo,Rukwa
2014,Oct,18.09749634,Sumbawanga Rural,Rukwa
2014,Oct,36.84624372,Nkasi,Rukwa
2014,Oct,31.78211206,Sumbawanga Urban,Rukwa
2014,Oct,27.03953922,Administrative unit not available,Rukwa
2014,Nov,76.56467279,Kalambo,Rukwa
2014,Nov,74.51519787,Sumbawanga Rural,Rukwa
2014,Nov,97.95754667,Nkasi,Rukwa
2014,Nov,91.56948144,Sumbawanga Urban,Rukwa
2014,Nov,91.67893131,Administrative unit not available,Rukwa
2014,Dec,159.0209722,Kalambo,Rukwa
2014,Dec,157.4328401,Sumbawanga Rural,Rukwa
2014,Dec,159.8359505,Nkasi,Rukwa
2014,Dec,153.2513325,Sumbawanga Urban,Rukwa
2014,Dec,169.3374533,Administrative unit not available,Rukwa
2015,Jan,209.2443889,Kalambo,Rukwa
2015,Jan,168.9992474,Sumbawanga Rural,Rukwa
2015,Jan,155.5905587,Nkasi,Rukwa
2015,Jan,169.0469439,Sumbawanga Urban,Rukwa
2015,Jan,173.9712228,Administrative unit not available,Rukwa
2015,Feb,197.8334027,Kalambo,Rukwa
2015,Feb,168.2128182,Sumbawanga Rural,Rukwa
2015,Feb,161.3614937,Nkasi,Rukwa
2015,Feb,155.6522564,Sumbawanga Urban,Rukwa
2015,Feb,171.6544336,Administrative unit not available,Rukwa
2015,Mar,144.6584651,Kalambo,Rukwa
2015,Mar,129.9735534,Sumbawanga Rural,Rukwa
2015,Mar,121.6199633,Nkasi,Rukwa
2015,Mar,113.8541751,Sumbawanga Urban,Rukwa
2015,Mar,152.5990115,Administrative unit not available,Rukwa
2015,Apr,192.3248026,Kalambo,Rukwa
2015,Apr,140.6746074,Sumbawanga Rural,Rukwa
2015,Apr,170.564207,Nkasi,Rukwa
2015,Apr,161.2069456,Sumbawanga Urban,Rukwa
2015,Apr,192.5352188,Administrative unit not available,Rukwa
2015,May,12.96840173,Kalambo,Rukwa
2015,May,12.90591629,Sumbawanga Rural,Rukwa
2015,May,13.08641521,Nkasi,Rukwa
2015,May,15.1438268,Sumbawanga Urban,Rukwa
2015,May,8.82232601,Administrative unit not available,Rukwa
2015,Jun,0,Kalambo,Rukwa
2015,Jun,0,Sumbawanga Rural,Rukwa
2015,Jun,0,Nkasi,Rukwa
2015,Jun,0.219309482,Sumbawanga Urban,Rukwa
2015,Jun,0,Administrative unit not available,Rukwa
2015,Jul,0,Kalambo,Rukwa
2015,Jul,0,Sumbawanga Rural,Rukwa
2015,Jul,0,Nkasi,Rukwa
2015,Jul,0,Sumbawanga Urban,Rukwa
2015,Jul,0,Administrative unit not available,Rukwa
2015,Aug,0.025902466,Kalambo,Rukwa
2015,Aug,0,Sumbawanga Rural,Rukwa
2015,Aug,0,Nkasi,Rukwa
2015,Aug,0,Sumbawanga Urban,Rukwa
2015,Aug,0,Administrative unit not available,Rukwa
2015,Sep,0.790100926,Kalambo,Rukwa
2015,Sep,0.299587383,Sumbawanga Rural,Rukwa
2015,Sep,1.375928036,Nkasi,Rukwa
2015,Sep,3.117812916,Sumbawanga Urban,Rukwa
2015,Sep,1.928130906,Administrative unit not available,Rukwa
2015,Oct,34.32351786,Kalambo,Rukwa
2015,Oct,16.67266206,Sumbawanga Rural,Rukwa
2015,Oct,30.96457621,Nkasi,Rukwa
2015,Oct,25.72173975,Sumbawanga Urban,Rukwa
2015,Oct,22.50914297,Administrative unit not available,Rukwa
2015,Nov,157.6498649,Kalambo,Rukwa
2015,Nov,139.3899983,Sumbawanga Rural,Rukwa
2015,Nov,161.3781123,Nkasi,Rukwa
2015,Nov,183.9074943,Sumbawanga Urban,Rukwa
2015,Nov,145.5889294,Administrative unit not available,Rukwa
2015,Dec,225.3522612,Kalambo,Rukwa
2015,Dec,212.3580208,Sumbawanga Rural,Rukwa
2015,Dec,215.9140621,Nkasi,Rukwa
2015,Dec,201.8117546,Sumbawanga Urban,Rukwa
2015,Dec,223.1557054,Administrative unit not available,Rukwa
2016,Jan,404.9125288,Kalambo,Rukwa
2016,Jan,409.3905142,Sumbawanga Rural,Rukwa
2016,Jan,322.1452426,Nkasi,Rukwa
2016,Jan,402.9643818,Sumbawanga Urban,Rukwa
2016,Jan,368.5222246,Administrative unit not available,Rukwa
2016,Feb,145.4618637,Kalambo,Rukwa
2016,Feb,147.8426362,Sumbawanga Rural,Rukwa
2016,Feb,132.8309439,Nkasi,Rukwa
2016,Feb,133.1086933,Sumbawanga Urban,Rukwa
2016,Feb,156.85112,Administrative unit not available,Rukwa
2016,Mar,286.5100401,Kalambo,Rukwa
2016,Mar,256.0141784,Sumbawanga Rural,Rukwa
2016,Mar,215.5084473,Nkasi,Rukwa
2016,Mar,213.698766,Sumbawanga Urban,Rukwa
2016,Mar,282.5444894,Administrative unit not available,Rukwa
2016,Apr,119.6481578,Kalambo,Rukwa
2016,Apr,102.2207791,Sumbawanga Rural,Rukwa
2016,Apr,110.8921476,Nkasi,Rukwa
2016,Apr,98.81821543,Sumbawanga Urban,Rukwa
2016,Apr,132.7258752,Administrative unit not available,Rukwa
2016,May,11.87926516,Kalambo,Rukwa
2016,May,6.380250429,Sumbawanga Rural,Rukwa
2016,May,12.35232558,Nkasi,Rukwa
2016,May,7.690371578,Sumbawanga Urban,Rukwa
2016,May,10.51601335,Administrative unit not available,Rukwa
2016,Jun,0,Kalambo,Rukwa
2016,Jun,0,Sumbawanga Rural,Rukwa
2016,Jun,0,Nkasi,Rukwa
2016,Jun,0.197973439,Sumbawanga Urban,Rukwa
2016,Jun,0,Administrative unit not available,Rukwa
2016,Jul,0,Kalambo,Rukwa
2016,Jul,0,Sumbawanga Rural,Rukwa
2016,Jul,0,Nkasi,Rukwa
2016,Jul,0,Sumbawanga Urban,Rukwa
2016,Jul,0,Administrative unit not available,Rukwa
2016,Aug,0.347514653,Kalambo,Rukwa
2016,Aug,0.171195456,Sumbawanga Rural,Rukwa
2016,Aug,0.28642842,Nkasi,Rukwa
2016,Aug,0.261528837,Sumbawanga Urban,Rukwa
2016,Aug,0.099541595,Administrative unit not available,Rukwa
2016,Sep,3.979589821,Kalambo,Rukwa
2016,Sep,2.748474687,Sumbawanga Rural,Rukwa
2016,Sep,3.933608368,Nkasi,Rukwa
2016,Sep,8.266552622,Sumbawanga Urban,Rukwa
2016,Sep,5.941940949,Administrative unit not available,Rukwa
2016,Oct,24.06099181,Kalambo,Rukwa
2016,Oct,13.85734223,Sumbawanga Rural,Rukwa
2016,Oct,27.78369628,Nkasi,Rukwa
2016,Oct,24.59216731,Sumbawanga Urban,Rukwa
2016,Oct,22.66623301,Administrative unit not available,Rukwa
2016,Nov,53.58872724,Kalambo,Rukwa
2016,Nov,46.15584517,Sumbawanga Rural,Rukwa
2016,Nov,82.80914978,Nkasi,Rukwa
2016,Nov,58.56713711,Sumbawanga Urban,Rukwa
2016,Nov,72.03514819,Administrative unit not available,Rukwa
2016,Dec,163.098145,Kalambo,Rukwa
2016,Dec,146.5356559,Sumbawanga Rural,Rukwa
2016,Dec,176.8758636,Nkasi,Rukwa
2016,Dec,145.4829205,Sumbawanga Urban,Rukwa
2016,Dec,168.2218611,Administrative unit not available,Rukwa
2017,Jan,248.7736057,Kalambo,Rukwa
2017,Jan,212.5745294,Sumbawanga Rural,Rukwa
2017,Jan,188.6442727,Nkasi,Rukwa
2017,Jan,200.1975616,Sumbawanga Urban,Rukwa
2017,Jan,202.2098099,Administrative unit not available,Rukwa
2017,Feb,205.6755601,Kalambo,Rukwa
2017,Feb,207.2000753,Sumbawanga Rural,Rukwa
2017,Feb,186.2860988,Nkasi,Rukwa
2017,Feb,194.8066023,Sumbawanga Urban,Rukwa
2017,Feb,199.4678284,Administrative unit not available,Rukwa
2017,Mar,212.6640665,Kalambo,Rukwa
2017,Mar,201.7544608,Sumbawanga Rural,Rukwa
2017,Mar,188.490341,Nkasi,Rukwa
2017,Mar,187.1099263,Sumbawanga Urban,Rukwa
2017,Mar,250.7659529,Administrative unit not available,Rukwa
2017,Apr,92.68838146,Kalambo,Rukwa
2017,Apr,75.22833492,Sumbawanga Rural,Rukwa
2017,Apr,73.72549658,Nkasi,Rukwa
2017,Apr,76.49470193,Sumbawanga Urban,Rukwa
2017,Apr,98.39912799,Administrative unit not available,Rukwa
2017,May,11.4063551,Kalambo,Rukwa
2017,May,6.988530655,Sumbawanga Rural,Rukwa
2017,May,6.646862977,Nkasi,Rukwa
2017,May,7.162514965,Sumbawanga Urban,Rukwa
2017,May,2.709344773,Administrative unit not available,Rukwa
2017,Jun,0,Kalambo,Rukwa
2017,Jun,0,Sumbawanga Rural,Rukwa
2017,Jun,0.10201078,Nkasi,Rukwa
2017,Jun,0.191928876,Sumbawanga Urban,Rukwa
2017,Jun,0,Administrative unit not available,Rukwa
2017,Jul,0,Kalambo,Rukwa
2017,Jul,0,Sumbawanga Rural,Rukwa
2017,Jul,0,Nkasi,Rukwa
2017,Jul,0,Sumbawanga Urban,Rukwa
2017,Jul,0,Administrative unit not available,Rukwa
2017,Aug,0.239365925,Kalambo,Rukwa
2017,Aug,0.030415754,Sumbawanga Rural,Rukwa
2017,Aug,0.025632294,Nkasi,Rukwa
2017,Aug,0,Sumbawanga Urban,Rukwa
2017,Aug,0.012919755,Administrative unit not available,Rukwa
2017,Sep,2.18124737,Kalambo,Rukwa
2017,Sep,3.147827296,Sumbawanga Rural,Rukwa
2017,Sep,2.861528773,Nkasi,Rukwa
2017,Sep,5.363897914,Sumbawanga Urban,Rukwa
2017,Sep,3.399616764,Administrative unit not available,Rukwa
2017,Oct,22.95537692,Kalambo,Rukwa
2017,Oct,11.00969651,Sumbawanga Rural,Rukwa
2017,Oct,27.00536406,Nkasi,Rukwa
2017,Oct,21.0240435,Sumbawanga Urban,Rukwa
2017,Oct,17.60064934,Administrative unit not available,Rukwa
2017,Nov,144.5262408,Kalambo,Rukwa
2017,Nov,117.8151295,Sumbawanga Rural,Rukwa
2017,Nov,141.710483,Nkasi,Rukwa
2017,Nov,149.0988608,Sumbawanga Urban,Rukwa
2017,Nov,127.7869639,Administrative unit not available,Rukwa
2017,Dec,221.2481643,Kalambo,Rukwa
2017,Dec,188.5454271,Sumbawanga Rural,Rukwa
2017,Dec,212.1081201,Nkasi,Rukwa
2017,Dec,182.1638699,Sumbawanga Urban,Rukwa
2017,Dec,227.8748035,Administrative unit not available,Rukwa
2018,Jan,239.2041714,Kalambo,Rukwa
2018,Jan,223.6449524,Sumbawanga Rural,Rukwa
2018,Jan,186.776842,Nkasi,Rukwa
2018,Jan,227.44338,Sumbawanga Urban,Rukwa
2018,Jan,205.8105098,Administrative unit not available,Rukwa
2018,Feb,156.3002287,Kalambo,Rukwa
2018,Feb,128.3132846,Sumbawanga Rural,Rukwa
2018,Feb,121.740866,Nkasi,Rukwa
2018,Feb,144.0046781,Sumbawanga Urban,Rukwa
2018,Feb,124.5626139,Administrative unit not available,Rukwa
2018,Mar,220.132439,Kalambo,Rukwa
2018,Mar,221.1920681,Sumbawanga Rural,Rukwa
2018,Mar,199.1409087,Nkasi,Rukwa
2018,Mar,192.6757469,Sumbawanga Urban,Rukwa
2018,Mar,242.1971735,Administrative unit not available,Rukwa
2018,Apr,197.7339422,Kalambo,Rukwa
2018,Apr,161.5627888,Sumbawanga Rural,Rukwa
2018,Apr,199.2507279,Nkasi,Rukwa
2018,Apr,194.0610916,Sumbawanga Urban,Rukwa
2018,Apr,232.6127587,Administrative unit not available,Rukwa
2018,May,12.85316623,Kalambo,Rukwa
2018,May,11.04102557,Sumbawanga Rural,Rukwa
2018,May,9.203056931,Nkasi,Rukwa
2018,May,12.81458257,Sumbawanga Urban,Rukwa
2018,May,7.804256753,Administrative unit not available,Rukwa
2018,Jun,0,Kalambo,Rukwa
2018,Jun,0,Sumbawanga Rural,Rukwa
2018,Jun,0.01648013,Nkasi,Rukwa
2018,Jun,0.196557593,Sumbawanga Urban,Rukwa
2018,Jun,0,Administrative unit not available,Rukwa
2018,Jul,0,Kalambo,Rukwa
2018,Jul,0,Sumbawanga Rural,Rukwa
2018,Jul,0,Nkasi,Rukwa
2018,Jul,0,Sumbawanga Urban,Rukwa
2018,Jul,0,Administrative unit not available,Rukwa
2018,Aug,0.279657896,Kalambo,Rukwa
2018,Aug,0.293702128,Sumbawanga Rural,Rukwa
2018,Aug,0.472256605,Nkasi,Rukwa
2018,Aug,0.370176749,Sumbawanga Urban,Rukwa
2018,Aug,0.120499171,Administrative unit not available,Rukwa
2018,Sep,3.33469215,Kalambo,Rukwa
2018,Sep,2.625910436,Sumbawanga Rural,Rukwa
2018,Sep,1.807645646,Nkasi,Rukwa
2018,Sep,5.149593854,Sumbawanga Urban,Rukwa
2018,Sep,4.654443389,Administrative unit not available,Rukwa
2018,Oct,23.00174836,Kalambo,Rukwa
2018,Oct,10.41670663,Sumbawanga Rural,Rukwa
2018,Oct,21.19498618,Nkasi,Rukwa
2018,Oct,15.89707295,Sumbawanga Urban,Rukwa
2018,Oct,15.89247178,Administrative unit not available,Rukwa
2018,Nov,64.74340434,Kalambo,Rukwa
2018,Nov,47.73444042,Sumbawanga Rural,Rukwa
2018,Nov,97.89517859,Nkasi,Rukwa
2018,Nov,75.94641925,Sumbawanga Urban,Rukwa
2018,Nov,76.86158971,Administrative unit not available,Rukwa
2018,Dec,278.0781751,Kalambo,Rukwa
2018,Dec,244.8433573,Sumbawanga Rural,Rukwa
2018,Dec,257.9323402,Nkasi,Rukwa
2018,Dec,256.6446138,Sumbawanga Urban,Rukwa
2018,Dec,255.1875018,Administrative unit not available,Rukwa
2019,Jan,187.8083662,Kalambo,Rukwa
2019,Jan,146.5969181,Sumbawanga Rural,Rukwa
2019,Jan,153.7998369,Nkasi,Rukwa
2019,Jan,147.9853006,Sumbawanga Urban,Rukwa
2019,Jan,167.6662626,Administrative unit not available,Rukwa
2019,Feb,215.357968,Kalambo,Rukwa
2019,Feb,199.4125771,Sumbawanga Rural,Rukwa
2019,Feb,169.0599491,Nkasi,Rukwa
2019,Feb,189.9509717,Sumbawanga Urban,Rukwa
2019,Feb,186.170863,Administrative unit not available,Rukwa
2019,Mar,226.6744506,Kalambo,Rukwa
2019,Mar,171.7267763,Sumbawanga Rural,Rukwa
2019,Mar,173.673083,Nkasi,Rukwa
2019,Mar,158.319598,Sumbawanga Urban,Rukwa
2019,Mar,197.5226471,Administrative unit not available,Rukwa
2019,Apr,115.422657,Kalambo,Rukwa
2019,Apr,93.88555814,Sumbawanga Rural,Rukwa
2019,Apr,125.2278774,Nkasi,Rukwa
2019,Apr,99.06770745,Sumbawanga Urban,Rukwa
2019,Apr,132.211258,Administrative unit not available,Rukwa
2019,May,18.2399789,Kalambo,Rukwa
2019,May,11.51567387,Sumbawanga Rural,Rukwa
2019,May,20.93549244,Nkasi,Rukwa
2019,May,17.46671258,Sumbawanga Urban,Rukwa
2019,May,14.47954554,Administrative unit not available,Rukwa
2019,Jun,0.571389519,Kalambo,Rukwa
2019,Jun,0.599409199,Sumbawanga Rural,Rukwa
2019,Jun,0.381816992,Nkasi,Rukwa
2019,Jun,1.866449308,Sumbawanga Urban,Rukwa
2019,Jun,0.010306952,Administrative unit not available,Rukwa
2019,Jul,0,Kalambo,Rukwa
2019,Jul,0,Sumbawanga Rural,Rukwa
2019,Jul,0,Nkasi,Rukwa
2019,Jul,0,Sumbawanga Urban,Rukwa
2019,Jul,0,Administrative unit not available,Rukwa
2019,Aug,0,Kalambo,Rukwa
2019,Aug,0,Sumbawanga Rural,Rukwa
2019,Aug,0,Nkasi,Rukwa
2019,Aug,0,Sumbawanga Urban,Rukwa
2019,Aug,0,Administrative unit not available,Rukwa
2019,Sep,1.093713694,Kalambo,Rukwa
2019,Sep,0.159061401,Sumbawanga Rural,Rukwa
2019,Sep,1.097757053,Nkasi,Rukwa
2019,Sep,1.333642093,Sumbawanga Urban,Rukwa
2019,Sep,1.299448191,Administrative unit not available,Rukwa
2019,Oct,22.94129591,Kalambo,Rukwa
2019,Oct,11.7654303,Sumbawanga Rural,Rukwa
2019,Oct,35.80057308,Nkasi,Rukwa
2019,Oct,19.76603399,Sumbawanga Urban,Rukwa
2019,Oct,23.24075386,Administrative unit not available,Rukwa
2019,Nov,139.4109563,Kalambo,Rukwa
2019,Nov,149.9727299,Sumbawanga Rural,Rukwa
2019,Nov,148.640246,Nkasi,Rukwa
2019,Nov,177.4511017,Sumbawanga Urban,Rukwa
2019,Nov,141.9712376,Administrative unit not available,Rukwa
2019,Dec,258.9211657,Kalambo,Rukwa
2019,Dec,216.8026359,Sumbawanga Rural,Rukwa
2019,Dec,246.0951336,Nkasi,Rukwa
2019,Dec,224.973685,Sumbawanga Urban,Rukwa
2019,Dec,277.3783386,Administrative unit not available,Rukwa
2020,Jan,329.0122558,Kalambo,Rukwa
2020,Jan,301.0055821,Sumbawanga Rural,Rukwa
2020,Jan,273.8756457,Nkasi,Rukwa
2020,Jan,306.2759278,Sumbawanga Urban,Rukwa
2020,Jan,295.1851331,Administrative unit not available,Rukwa
2020,Feb,196.6545049,Kalambo,Rukwa
2020,Feb,186.7865522,Sumbawanga Rural,Rukwa
2020,Feb,184.0629516,Nkasi,Rukwa
2020,Feb,175.1824748,Sumbawanga Urban,Rukwa
2020,Feb,197.9975446,Administrative unit not available,Rukwa
2020,Mar,330.0759723,Kalambo,Rukwa
2020,Mar,303.3371636,Sumbawanga Rural,Rukwa
2020,Mar,219.2485857,Nkasi,Rukwa
2020,Mar,249.0280311,Sumbawanga Urban,Rukwa
2020,Mar,311.5294318,Administrative unit not available,Rukwa
2020,Apr,146.5674083,Kalambo,Rukwa
2020,Apr,132.2299293,Sumbawanga Rural,Rukwa
2020,Apr,183.6110102,Nkasi,Rukwa
2020,Apr,169.887625,Sumbawanga Urban,Rukwa
2020,Apr,210.2106161,Administrative unit not available,Rukwa
2020,May,10.38897264,Kalambo,Rukwa
2020,May,10.56152033,Sumbawanga Rural,Rukwa
2020,May,9.169518707,Nkasi,Rukwa
2020,May,11.61612264,Sumbawanga Urban,Rukwa
2020,May,6.338054584,Administrative unit not available,Rukwa
2020,Jun,1.108863151,Kalambo,Rukwa
2020,Jun,1.144173185,Sumbawanga Rural,Rukwa
2020,Jun,0.875485158,Nkasi,Rukwa
2020,Jun,2.752401578,Sumbawanga Urban,Rukwa
2020,Jun,0.268560454,Administrative unit not available,Rukwa
2020,Jul,0.064682173,Kalambo,Rukwa
2020,Jul,0.096954789,Sumbawanga Rural,Rukwa
2020,Jul,0.002201953,Nkasi,Rukwa
2020,Jul,0.021057717,Sumbawanga Urban,Rukwa
2020,Jul,4.81E-04,Administrative unit not available,Rukwa
2020,Aug,0,Kalambo,Rukwa
2020,Aug,0,Sumbawanga Rural,Rukwa
2020,Aug,0.13316519,Nkasi,Rukwa
2020,Aug,0,Sumbawanga Urban,Rukwa
2020,Aug,0.047452713,Administrative unit not available,Rukwa
2020,Sep,2.792526811,Kalambo,Rukwa
2020,Sep,0.902372308,Sumbawanga Rural,Rukwa
2020,Sep,3.248526631,Nkasi,Rukwa
2020,Sep,2.413126358,Sumbawanga Urban,Rukwa
2020,Sep,2.74749485,Administrative unit not available,Rukwa
2020,Oct,20.26509061,Kalambo,Rukwa
2020,Oct,11.66813299,Sumbawanga Rural,Rukwa
2020,Oct,22.37345497,Nkasi,Rukwa
2020,Oct,19.28151387,Sumbawanga Urban,Rukwa
2020,Oct,15.5867328,Administrative unit not available,Rukwa
2020,Nov,109.0079114,Kalambo,Rukwa
2020,Nov,112.3023589,Sumbawanga Rural,Rukwa
2020,Nov,95.80953313,Nkasi,Rukwa
2020,Nov,137.5668,Sumbawanga Urban,Rukwa
2020,Nov,94.72640183,Administrative unit not available,Rukwa
2020,Dec,186.5375516,Kalambo,Rukwa
2020,Dec,193.8480225,Sumbawanga Rural,Rukwa
2020,Dec,174.5880846,Nkasi,Rukwa
2020,Dec,195.4492726,Sumbawanga Urban,Rukwa
2020,Dec,198.0821979,Administrative unit not available,Rukwa
2021,Jan,226.4571169,Kalambo,Rukwa
2021,Jan,202.5226162,Sumbawanga Rural,Rukwa
2021,Jan,176.0348116,Nkasi,Rukwa
2021,Jan,202.7639567,Sumbawanga Urban,Rukwa
2021,Jan,193.9196368,Administrative unit not available,Rukwa
2021,Feb,213.351841,Kalambo,Rukwa
2021,Feb,200.7660921,Sumbawanga Rural,Rukwa
2021,Feb,191.7330495,Nkasi,Rukwa
2021,Feb,202.3839534,Sumbawanga Urban,Rukwa
2021,Feb,203.012062,Administrative unit not available,Rukwa
2021,Mar,180.2937394,Kalambo,Rukwa
2021,Mar,169.4589213,Sumbawanga Rural,Rukwa
2021,Mar,199.8032215,Nkasi,Rukwa
2021,Mar,154.1617662,Sumbawanga Urban,Rukwa
2021,Mar,221.5225412,Administrative unit not available,Rukwa
2021,Apr,99.98339883,Kalambo,Rukwa
2021,Apr,82.84873772,Sumbawanga Rural,Rukwa
2021,Apr,106.3501347,Nkasi,Rukwa
2021,Apr,90.00706987,Sumbawanga Urban,Rukwa
2021,Apr,109.0006211,Administrative unit not available,Rukwa
2021,May,5.755153467,Kalambo,Rukwa
2021,May,6.439553248,Sumbawanga Rural,Rukwa
2021,May,11.0079913,Nkasi,Rukwa
2021,May,5.386188115,Sumbawanga Urban,Rukwa
2021,May,7.806353613,Administrative unit not available,Rukwa
2021,Jun,0,Kalambo,Rukwa
2021,Jun,0,Sumbawanga Rural,Rukwa
2021,Jun,0.151728131,Nkasi,Rukwa
2021,Jun,0.19515728,Sumbawanga Urban,Rukwa
2021,Jun,0,Administrative unit not available,Rukwa
2021,Jul,0,Kalambo,Rukwa
2021,Jul,0,Sumbawanga Rural,Rukwa
2021,Jul,0,Nkasi,Rukwa
2021,Jul,0,Sumbawanga Urban,Rukwa
2021,Jul,0,Administrative unit not available,Rukwa
2021,Aug,0,Kalambo,Rukwa
2021,Aug,0,Sumbawanga Rural,Rukwa
2021,Aug,0.021381705,Nkasi,Rukwa
2021,Aug,0,Sumbawanga Urban,Rukwa
2021,Aug,1.41E-05,Administrative unit not available,Rukwa
2021,Sep,0.521293553,Kalambo,Rukwa
2021,Sep,0.055896938,Sumbawanga Rural,Rukwa
2021,Sep,0.831449663,Nkasi,Rukwa
2021,Sep,1.758603992,Sumbawanga Urban,Rukwa
2021,Sep,0.583291832,Administrative unit not available,Rukwa
2021,Oct,12.66440139,Kalambo,Rukwa
2021,Oct,7.051599227,Sumbawanga Rural,Rukwa
2021,Oct,12.48535717,Nkasi,Rukwa
2021,Oct,12.812794,Sumbawanga Urban,Rukwa
2021,Oct,9.220038076,Administrative unit not available,Rukwa
2021,Nov,93.67502886,Kalambo,Rukwa
2021,Nov,73.44852202,Sumbawanga Rural,Rukwa
2021,Nov,120.8401885,Nkasi,Rukwa
2021,Nov,105.7887315,Sumbawanga Urban,Rukwa
2021,Nov,104.3867803,Administrative unit not available,Rukwa
2021,Dec,150.3893027,Kalambo,Rukwa
2021,Dec,134.355826,Sumbawanga Rural,Rukwa
2021,Dec,118.3630069,Nkasi,Rukwa
2021,Dec,136.8334242,Sumbawanga Urban,Rukwa
2021,Dec,152.4558222,Administrative unit not available,Rukwa
2022,Jan,409.8717408,Kalambo,Rukwa
2022,Jan,379.4557225,Sumbawanga Rural,Rukwa
2022,Jan,266.0625144,Nkasi,Rukwa
2022,Jan,358.4789275,Sumbawanga Urban,Rukwa
2022,Jan,344.6028712,Administrative unit not available,Rukwa
2022,Feb,392.7632815,Kalambo,Rukwa
2022,Feb,439.851292,Sumbawanga Rural,Rukwa
2022,Feb,302.4034761,Nkasi,Rukwa
2022,Feb,379.3371341,Sumbawanga Urban,Rukwa
2022,Feb,356.1581895,Administrative unit not available,Rukwa
2022,Mar,277.2512801,Kalambo,Rukwa
2022,Mar,229.9920611,Sumbawanga Rural,Rukwa
2022,Mar,212.1380305,Nkasi,Rukwa
2022,Mar,237.6391589,Sumbawanga Urban,Rukwa
2022,Mar,277.2794564,Administrative unit not available,Rukwa
2022,Apr,118.7073858,Kalambo,Rukwa
2022,Apr,90.59517136,Sumbawanga Rural,Rukwa
2022,Apr,115.1723554,Nkasi,Rukwa
2022,Apr,103.9769247,Sumbawanga Urban,Rukwa
2022,Apr,123.1441246,Administrative unit not available,Rukwa
2022,May,6.931641075,Kalambo,Rukwa
2022,May,5.457718823,Sumbawanga Rural,Rukwa
2022,May,8.429506584,Nkasi,Rukwa
2022,May,6.89330267,Sumbawanga Urban,Rukwa
2022,May,2.636681096,Administrative unit not available,Rukwa
2022,Jun,0.945872002,Kalambo,Rukwa
2022,Jun,0.93401588,Sumbawanga Rural,Rukwa
2022,Jun,0.569454924,Nkasi,Rukwa
2022,Jun,4.608689009,Sumbawanga Urban,Rukwa
2022,Jun,0.011657204,Administrative unit not available,Rukwa
2022,Jul,0,Kalambo,Rukwa
2022,Jul,0,Sumbawanga Rural,Rukwa
2022,Jul,0,Nkasi,Rukwa
2022,Jul,0,Sumbawanga Urban,Rukwa
2022,Jul,0,Administrative unit not available,Rukwa
2022,Aug,0.025629756,Kalambo,Rukwa
2022,Aug,0,Sumbawanga Rural,Rukwa
2022,Aug,0.219750352,Nkasi,Rukwa
2022,Aug,0,Sumbawanga Urban,Rukwa
2022,Aug,0.001002249,Administrative unit not available,Rukwa
2022,Sep,3.550718623,Kalambo,Rukwa
2022,Sep,2.103624558,Sumbawanga Rural,Rukwa
2022,Sep,3.086232005,Nkasi,Rukwa
2022,Sep,4.775833722,Sumbawanga Urban,Rukwa
2022,Sep,4.084486842,Administrative unit not available,Rukwa
2022,Oct,1.917665399,Kalambo,Rukwa
2022,Oct,1.085615523,Sumbawanga Rural,Rukwa
2022,Oct,2.205460453,Nkasi,Rukwa
2022,Oct,4.04887244,Sumbawanga Urban,Rukwa
2022,Oct,3.388411399,Administrative unit not available,Rukwa
2022,Nov,104.5193699,Kalambo,Rukwa
2022,Nov,62.9940409,Sumbawanga Rural,Rukwa
2022,Nov,131.6802123,Nkasi,Rukwa
2022,Nov,95.3421125,Sumbawanga Urban,Rukwa
2022,Nov,100.0089073,Administrative unit not available,Rukwa
2022,Dec,407.0550861,Kalambo,Rukwa
2022,Dec,348.5524749,Sumbawanga Rural,Rukwa
2022,Dec,380.3698728,Nkasi,Rukwa
2022,Dec,371.2512149,Sumbawanga Urban,Rukwa
2022,Dec,401.5052898,Administrative unit not available,Rukwa
2023,Jan,250.0947381,Kalambo,Rukwa
2023,Jan,204.9199905,Sumbawanga Rural,Rukwa
2023,Jan,187.6659074,Nkasi,Rukwa
2023,Jan,195.9982344,Sumbawanga Urban,Rukwa
2023,Jan,200.8851754,Administrative unit not available,Rukwa
2023,Feb,104.1557339,Kalambo,Rukwa
2023,Feb,88.9989377,Sumbawanga Rural,Rukwa
2023,Feb,129.0249422,Nkasi,Rukwa
2023,Feb,93.69491352,Sumbawanga Urban,Rukwa
2023,Feb,98.85832179,Administrative unit not available,Rukwa
2023,Mar,261.3838553,Kalambo,Rukwa
2023,Mar,252.0825638,Sumbawanga Rural,Rukwa
2023,Mar,235.4319961,Nkasi,Rukwa
2023,Mar,252.8264364,Sumbawanga Urban,Rukwa
2023,Mar,314.2688409,Administrative unit not available,Rukwa
2023,Apr,153.2141423,Kalambo,Rukwa
2023,Apr,141.6844816,Sumbawanga Rural,Rukwa
2023,Apr,159.6137283,Nkasi,Rukwa
2023,Apr,180.3052244,Sumbawanga Urban,Rukwa
2023,Apr,195.687088,Administrative unit not available,Rukwa
2023,May,15.54007534,Kalambo,Rukwa
2023,May,12.20150339,Sumbawanga Rural,Rukwa
2023,May,18.01429978,Nkasi,Rukwa
2023,May,20.08407912,Sumbawanga Urban,Rukwa
2023,May,8.895274926,Administrative unit not available,Rukwa
2023,Jun,0,Kalambo,Rukwa
2023,Jun,0,Sumbawanga Rural,Rukwa
2023,Jun,0.052003966,Nkasi,Rukwa
2023,Jun,0.196558157,Sumbawanga Urban,Rukwa
2023,Jun,0,Administrative unit not available,Rukwa
2023,Jul,0,Kalambo,Rukwa
2023,Jul,0,Sumbawanga Rural,Rukwa
2023,Jul,1.75E-04,Nkasi,Rukwa
2023,Jul,0,Sumbawanga Urban,Rukwa
2023,Jul,0,Administrative unit not available,Rukwa
2023,Aug,0,Kalambo,Rukwa
2023,Aug,0.006122655,Sumbawanga Rural,Rukwa
2023,Aug,0.040196112,Nkasi,Rukwa
2023,Aug,0,Sumbawanga Urban,Rukwa
2023,Aug,5.28E-04,Administrative unit not available,Rukwa
2023,Sep,3.27653106,Kalambo,Rukwa
2023,Sep,1.181853807,Sumbawanga Rural,Rukwa
2023,Sep,3.046346954,Nkasi,Rukwa
2023,Sep,3.860403881,Sumbawanga Urban,Rukwa
2023,Sep,3.520949113,Administrative unit not available,Rukwa
2023,Oct,15.88998898,Kalambo,Rukwa
2023,Oct,7.748676126,Sumbawanga Rural,Rukwa
2023,Oct,17.60415559,Nkasi,Rukwa
2023,Oct,12.24410669,Sumbawanga Urban,Rukwa
2023,Oct,13.97570887,Administrative unit not available,Rukwa
2023,Nov,134.5722557,Kalambo,Rukwa
2023,Nov,113.8517542,Sumbawanga Rural,Rukwa
2023,Nov,229.0462156,Nkasi,Rukwa
2023,Nov,167.1995057,Sumbawanga Urban,Rukwa
2023,Nov,193.45848,Administrative unit not available,Rukwa
2023,Dec,458.5099001,Kalambo,Rukwa
2023,Dec,417.4205009,Sumbawanga Rural,Rukwa
2023,Dec,494.2808867,Nkasi,Rukwa
2023,Dec,458.0021763,Sumbawanga Urban,Rukwa
2023,Dec,483.4452398,Administrative unit not available,Rukwa
2024,Jan,186.6295408,Kalambo,Rukwa
2024,Jan,173.0143699,Sumbawanga Rural,Rukwa
2024,Jan,150.2031418,Nkasi,Rukwa
2024,Jan,162.9911811,Sumbawanga Urban,Rukwa
2024,Jan,170.1182936,Administrative unit not available,Rukwa
2024,Feb,402.979991,Kalambo,Rukwa
2024,Feb,342.1479942,Sumbawanga Rural,Rukwa
2024,Feb,322.0938135,Nkasi,Rukwa
2024,Feb,339.786457,Sumbawanga Urban,Rukwa
2024,Feb,319.89765,Administrative unit not available,Rukwa
2024,Mar,214.9404999,Kalambo,Rukwa
2024,Mar,192.6406817,Sumbawanga Rural,Rukwa
2024,Mar,187.9584533,Nkasi,Rukwa
2024,Mar,185.2976267,Sumbawanga Urban,Rukwa
2024,Mar,228.5428763,Administrative unit not available,Rukwa
2024,Apr,162.2602491,Kalambo,Rukwa
2024,Apr,136.7247976,Sumbawanga Rural,Rukwa
2024,Apr,170.595122,Nkasi,Rukwa
2024,Apr,179.1763019,Sumbawanga Urban,Rukwa
2024,Apr,203.7905931,Administrative unit not available,Rukwa
2024,May,6.620395911,Kalambo,Rukwa
2024,May,6.530078766,Sumbawanga Rural,Rukwa
2024,May,4.209888922,Nkasi,Rukwa
2024,May,7.859298427,Sumbawanga Urban,Rukwa
2024,May,0.739411878,Administrative unit not available,Rukwa
2024,Jun,0.572459444,Kalambo,Rukwa
2024,Jun,0.599657567,Sumbawanga Rural,Rukwa
2024,Jun,0.467457807,Nkasi,Rukwa
2024,Jun,1.858987198,Sumbawanga Urban,Rukwa
2024,Jun,0.010249112,Administrative unit not available,Rukwa
2024,Jul,0.004947421,Kalambo,Rukwa
2024,Jul,0.001059876,Sumbawanga Rural,Rukwa
2024,Jul,0.001538393,Nkasi,Rukwa
2024,Jul,0,Sumbawanga Urban,Rukwa
2024,Jul,2.00E-06,Administrative unit not available,Rukwa
2024,Aug,0.732324732,Kalambo,Rukwa
2024,Aug,0.667208581,Sumbawanga Rural,Rukwa
2024,Aug,0.846941985,Nkasi,Rukwa
2024,Aug,0.827112246,Sumbawanga Urban,Rukwa
2024,Aug,0.326235053,Administrative unit not available,Rukwa
2024,Sep,8.141192016,Kalambo,Rukwa
2024,Sep,8.625692388,Sumbawanga Rural,Rukwa
2024,Sep,6.678812449,Nkasi,Rukwa
2024,Sep,15.95755144,Sumbawanga Urban,Rukwa
2024,Sep,9.593800376,Administrative unit not available,Rukwa
2024,Oct,44.10753608,Kalambo,Rukwa
2024,Oct,19.43532722,Sumbawanga Rural,Rukwa
2024,Oct,46.68540217,Nkasi,Rukwa
2024,Oct,34.41717214,Sumbawanga Urban,Rukwa
2024,Oct,29.11348345,Administrative unit not available,Rukwa
2024,Nov,116.9112418,Kalambo,Rukwa
2024,Nov,99.73853095,Sumbawanga Rural,Rukwa
2024,Nov,159.5904385,Nkasi,Rukwa
2024,Nov,129.6255827,Sumbawanga Urban,Rukwa
2024,Nov,138.4337484,Administrative unit not available,Rukwa
2024,Dec,165.8375416,Kalambo,Rukwa
2024,Dec,175.2809719,Sumbawanga Rural,Rukwa
2024,Dec,177.568737,Nkasi,Rukwa
2024,Dec,196.2414901,Sumbawanga Urban,Rukwa
2024,Dec,197.8249616,Administrative unit not available,Rukwa
